X Coordinate,Y Coordinate,Z Coordinate,SSID,BSSID,Signal,Frequency,Auth,AKM
0,0,0,eduroam,70:3a:0e:5c:dc:30:,-89,5620000,[0],[4]
0,0,0,eduroam,70:3a:0e:61:0d:90:,-89,5580000,[0],[4]
0,0,0,eduroam,70:3a:0e:61:0a:b0:,-82,5280000,[0],[4]
0,0,0,eduroam,70:3a:0e:61:00:a0:,-76,2462000,[0],[4]
0,0,0,eduroam,70:3a:0e:5c:db:20:,-66,2462000,[0],[4]
0,0,0,eduroam,70:3a:0e:61:0a:a0:,-76,2437000,[0],[4]
0,0,0,eduroam,70:3a:0e:60:f6:a0:,-80,2437000,[0],[4]
0,0,0,eduroam,70:3a:0e:5c:c0:c0:,-65,2462000,[0],[4]
0,0,0,eduroam,70:3a:0e:5c:c0:d0:,-82,5765000,[0],[4]
0,0,0,eduroam,70:3a:0e:60:e8:e0:,-67,2462000,[0],[4]
0,0,0,eduroam,70:3a:0e:61:00:10:,-85,5680000,[0],[4]
0,0,0,eduroam,70:3a:0e:60:e8:f0:,-77,5745000,[0],[4]
0,0,0,eduroam,70:3a:0e:62:77:70:,-51,5560000,[0],[4]
0,0,0,eduroam,70:3a:0e:5c:d0:90:,-82,5520000,[0],[4]
0,0,0,eduroam,70:3a:0e:5c:e0:10:,-90,5320000,[0],[4]
0,0,0,eduroam,70:3a:0e:62:87:10:,-82,5300000,[0],[4]
0,0,0,eduroam,70:3a:0e:5c:db:30:,-88,5240000,[0],[4]
0,0,0,eduroam,70:3a:0e:62:87:00:,-69,2462000,[0],[4]
0,0,0,eduroam,70:3a:0e:62:77:60:,-50,2437000,[0],[4]
0,0,0,eduroam,70:3a:0e:5c:e0:00:,-61,2412000,[0],[4]
0,0,0,UofM-IoT,70:3a:0e:5c:dc:32:,-89,5620000,[0],[4]
0,0,0,UofM-IoT,70:3a:0e:61:0d:92:,-91,5580000,[0],[4]
0,0,0,UofM-IoT,70:3a:0e:61:00:a2:,-76,2462000,[0],[4]
0,0,0,UofM-IoT,70:3a:0e:5c:c0:d2:,-82,5765000,[0],[4]
0,0,0,UofM-IoT,70:3a:0e:5c:c0:c2:,-66,2462000,[0],[4]
0,0,0,UofM-IoT,70:3a:0e:61:0a:b2:,-82,5280000,[0],[4]
0,0,0,UofM-IoT,70:3a:0e:60:e8:e2:,-66,2462000,[0],[4]
0,0,0,UofM-IoT,70:3a:0e:61:0a:a2:,-79,2437000,[0],[4]
0,0,0,UofM-IoT,70:3a:0e:60:e8:f2:,-77,5745000,[0],[4]
0,0,0,UofM-IoT,70:3a:0e:61:00:12:,-84,5680000,[0],[4]
0,0,0,UofM-IoT,70:3a:0e:62:77:72:,-52,5560000,[0],[4]
0,0,0,UofM-IoT,70:3a:0e:5c:d0:92:,-82,5520000,[0],[4]
0,0,0,UofM-IoT,70:3a:0e:5c:e0:12:,-91,5320000,[0],[4]
0,0,0,UofM-IoT,70:3a:0e:62:87:12:,-82,5300000,[0],[4]
0,0,0,UofM-IoT,70:3a:0e:5c:db:32:,-88,5240000,[0],[4]
0,0,0,UofM-IoT,70:3a:0e:62:87:02:,-73,2462000,[0],[4]
0,0,0,UofM-IoT,70:3a:0e:5c:db:22:,-66,2462000,[0],[4]
0,0,0,UofM-IoT,70:3a:0e:62:77:62:,-49,2437000,[0],[4]
0,0,0,UofM-IoT,70:3a:0e:5c:e0:02:,-61,2412000,[0],[4]
0,0,0,UofM-Guest,70:3a:0e:5c:dc:31:,-89,5620000,[0],[0]
0,0,0,UofM-Guest,70:3a:0e:61:0d:91:,-89,5580000,[0],[0]
0,0,0,UofM-Guest,70:3a:0e:61:0a:b1:,-82,5280000,[0],[0]
0,0,0,UofM-Guest,70:3a:0e:5c:db:21:,-66,2462000,[0],[0]
0,0,0,UofM-Guest,70:3a:0e:5c:c0:d1:,-82,5765000,[0],[0]
0,0,0,UofM-Guest,70:3a:0e:5c:c0:c1:,-66,2462000,[0],[0]
0,0,0,UofM-Guest,70:3a:0e:5c:c1:c1:,-80,2412000,[0],[0]
0,0,0,UofM-Guest,70:3a:0e:62:87:01:,-73,2462000,[0],[0]
0,0,0,UofM-Guest,70:3a:0e:60:e8:e1:,-66,2462000,[0],[0]
0,0,0,UofM-Guest,70:3a:0e:61:0a:a1:,-79,2437000,[0],[0]
0,0,0,UofM-Guest,70:3a:0e:60:e8:f1:,-77,5745000,[0],[0]
0,0,0,UofM-Guest,70:3a:0e:61:00:11:,-85,5680000,[0],[0]
0,0,0,UofM-Guest,70:3a:0e:62:77:71:,-52,5560000,[0],[0]
0,0,0,UofM-Guest,70:3a:0e:5c:d0:91:,-82,5520000,[0],[0]
0,0,0,UofM-Guest,70:3a:0e:5c:e0:11:,-90,5320000,[0],[0]
0,0,0,UofM-Guest,70:3a:0e:62:87:11:,-82,5300000,[0],[0]
0,0,0,UofM-Guest,70:3a:0e:5c:db:31:,-88,5240000,[0],[0]
0,0,0,UofM-Guest,70:3a:0e:62:77:61:,-49,2437000,[0],[0]
0,0,0,UofM-Guest,70:3a:0e:5c:e0:01:,-61,2412000,[0],[0]
0,0,0,eduroam,70:3a:0e:5c:dc:30:,-89,5620000,[0],[4]
0,0,0,eduroam,70:3a:0e:61:0d:90:,-89,5580000,[0],[4]
0,0,0,eduroam,70:3a:0e:61:0a:b0:,-82,5280000,[0],[4]
0,0,0,eduroam,70:3a:0e:61:00:a0:,-76,2462000,[0],[4]
0,0,0,eduroam,70:3a:0e:5c:db:20:,-66,2462000,[0],[4]
0,0,0,eduroam,70:3a:0e:61:0a:a0:,-76,2437000,[0],[4]
0,0,0,eduroam,70:3a:0e:60:f6:a0:,-80,2437000,[0],[4]
0,0,0,eduroam,70:3a:0e:5c:c0:c0:,-65,2462000,[0],[4]
0,0,0,eduroam,70:3a:0e:5c:c0:d0:,-82,5765000,[0],[4]
0,0,0,eduroam,70:3a:0e:60:e8:e0:,-67,2462000,[0],[4]
0,0,0,eduroam,70:3a:0e:61:00:10:,-85,5680000,[0],[4]
0,0,0,eduroam,70:3a:0e:60:e8:f0:,-77,5745000,[0],[4]
0,0,0,eduroam,70:3a:0e:62:77:70:,-51,5560000,[0],[4]
0,0,0,eduroam,70:3a:0e:5c:d0:90:,-82,5520000,[0],[4]
0,0,0,eduroam,70:3a:0e:5c:e0:10:,-90,5320000,[0],[4]
0,0,0,eduroam,70:3a:0e:62:87:10:,-82,5300000,[0],[4]
0,0,0,eduroam,70:3a:0e:5c:db:30:,-88,5240000,[0],[4]
0,0,0,eduroam,70:3a:0e:62:87:00:,-69,2462000,[0],[4]
0,0,0,eduroam,70:3a:0e:62:77:60:,-50,2437000,[0],[4]
0,0,0,eduroam,70:3a:0e:5c:e0:00:,-61,2412000,[0],[4]
0,0,0,DIRECT-91-HP M454dw Color LJ,4a:9e:bd:69:6a:91:,-73,2437000,[0],[4]
0,0,5,eduroam,70:3a:0e:5c:dc:30:,-89,5620000,[0],[4]
0,0,5,eduroam,70:3a:0e:61:0d:90:,-89,5580000,[0],[4]
0,0,5,eduroam,70:3a:0e:61:0a:b0:,-82,5280000,[0],[4]
0,0,5,eduroam,70:3a:0e:61:00:a0:,-76,2462000,[0],[4]
0,0,5,eduroam,70:3a:0e:5c:db:20:,-66,2462000,[0],[4]
0,0,5,eduroam,70:3a:0e:61:0a:a0:,-76,2437000,[0],[4]
0,0,5,eduroam,70:3a:0e:60:f6:a0:,-80,2437000,[0],[4]
0,0,5,eduroam,70:3a:0e:5c:c0:c0:,-65,2462000,[0],[4]
0,0,5,eduroam,70:3a:0e:5c:c0:d0:,-82,5765000,[0],[4]
0,0,5,eduroam,70:3a:0e:60:e8:e0:,-72,2462000,[0],[4]
0,0,5,eduroam,70:3a:0e:61:00:10:,-85,5680000,[0],[4]
0,0,5,eduroam,70:3a:0e:60:e8:f0:,-75,5745000,[0],[4]
0,0,5,eduroam,70:3a:0e:62:77:70:,-51,5560000,[0],[4]
0,0,5,eduroam,70:3a:0e:5c:d0:90:,-82,5520000,[0],[4]
0,0,5,eduroam,70:3a:0e:5c:e0:10:,-90,5320000,[0],[4]
0,0,5,eduroam,70:3a:0e:62:87:10:,-73,5300000,[0],[4]
0,0,5,eduroam,70:3a:0e:5c:db:30:,-86,5240000,[0],[4]
0,0,5,eduroam,70:3a:0e:62:87:00:,-70,2462000,[0],[4]
0,0,5,eduroam,70:3a:0e:62:77:60:,-52,2437000,[0],[4]
0,0,5,eduroam,70:3a:0e:5c:e0:00:,-61,2412000,[0],[4]
0,0,5,UofM-IoT,70:3a:0e:5c:dc:32:,-89,5620000,[0],[4]
0,0,5,UofM-IoT,70:3a:0e:61:0d:92:,-91,5580000,[0],[4]
0,0,5,UofM-IoT,70:3a:0e:61:00:a2:,-76,2462000,[0],[4]
0,0,5,UofM-IoT,70:3a:0e:5c:c0:d2:,-82,5765000,[0],[4]
0,0,5,UofM-IoT,70:3a:0e:5c:c0:c2:,-66,2462000,[0],[4]
0,0,5,UofM-IoT,70:3a:0e:61:0a:b2:,-82,5280000,[0],[4]
0,0,5,UofM-IoT,70:3a:0e:60:e8:e2:,-71,2462000,[0],[4]
0,0,5,UofM-IoT,70:3a:0e:61:0a:a2:,-79,2437000,[0],[4]
0,0,5,UofM-IoT,70:3a:0e:60:e8:f2:,-75,5745000,[0],[4]
0,0,5,UofM-IoT,70:3a:0e:61:00:12:,-84,5680000,[0],[4]
0,0,5,UofM-IoT,70:3a:0e:62:77:72:,-48,5560000,[0],[4]
0,0,5,UofM-IoT,70:3a:0e:5c:d0:92:,-82,5520000,[0],[4]
0,0,5,UofM-IoT,70:3a:0e:5c:e0:12:,-91,5320000,[0],[4]
0,0,5,UofM-IoT,70:3a:0e:62:87:12:,-73,5300000,[0],[4]
0,0,5,UofM-IoT,70:3a:0e:5c:db:32:,-87,5240000,[0],[4]
0,0,5,UofM-IoT,70:3a:0e:62:87:02:,-70,2462000,[0],[4]
0,0,5,UofM-IoT,70:3a:0e:5c:db:22:,-66,2462000,[0],[4]
0,0,5,UofM-IoT,70:3a:0e:62:77:62:,-52,2437000,[0],[4]
0,0,5,UofM-IoT,70:3a:0e:5c:e0:02:,-61,2412000,[0],[4]
0,0,5,UofM-Guest,70:3a:0e:5c:dc:31:,-89,5620000,[0],[0]
0,0,5,UofM-Guest,70:3a:0e:61:0d:91:,-89,5580000,[0],[0]
0,0,5,UofM-Guest,70:3a:0e:61:0a:b1:,-82,5280000,[0],[0]
0,0,5,UofM-Guest,70:3a:0e:5c:db:21:,-66,2462000,[0],[0]
0,0,5,UofM-Guest,70:3a:0e:5c:c0:d1:,-82,5765000,[0],[0]
0,0,5,UofM-Guest,70:3a:0e:5c:c0:c1:,-66,2462000,[0],[0]
0,0,5,UofM-Guest,70:3a:0e:5c:c1:c1:,-80,2412000,[0],[0]
0,0,5,UofM-Guest,70:3a:0e:62:87:01:,-70,2462000,[0],[0]
0,0,5,UofM-Guest,70:3a:0e:60:e8:e1:,-66,2462000,[0],[0]
0,0,5,UofM-Guest,70:3a:0e:61:0a:a1:,-79,2437000,[0],[0]
0,0,5,UofM-Guest,70:3a:0e:60:e8:f1:,-75,5745000,[0],[0]
0,0,5,UofM-Guest,70:3a:0e:61:00:11:,-85,5680000,[0],[0]
0,0,5,UofM-Guest,70:3a:0e:62:77:71:,-48,5560000,[0],[0]
0,0,5,UofM-Guest,70:3a:0e:5c:d0:91:,-82,5520000,[0],[0]
0,0,5,UofM-Guest,70:3a:0e:5c:e0:11:,-90,5320000,[0],[0]
0,0,5,UofM-Guest,70:3a:0e:62:87:11:,-73,5300000,[0],[0]
0,0,5,UofM-Guest,70:3a:0e:5c:db:31:,-87,5240000,[0],[0]
0,0,5,UofM-Guest,70:3a:0e:62:77:61:,-52,2437000,[0],[0]
0,0,5,UofM-Guest,70:3a:0e:5c:e0:01:,-61,2412000,[0],[0]
0,0,5,eduroam,70:3a:0e:5c:dc:30:,-89,5620000,[0],[4]
0,0,5,eduroam,70:3a:0e:61:0d:90:,-89,5580000,[0],[4]
0,0,5,eduroam,70:3a:0e:61:0a:b0:,-82,5280000,[0],[4]
0,0,5,eduroam,70:3a:0e:61:00:a0:,-76,2462000,[0],[4]
0,0,5,eduroam,70:3a:0e:5c:db:20:,-66,2462000,[0],[4]
0,0,5,eduroam,70:3a:0e:61:0a:a0:,-76,2437000,[0],[4]
0,0,5,eduroam,70:3a:0e:60:f6:a0:,-80,2437000,[0],[4]
0,0,5,eduroam,70:3a:0e:5c:c0:c0:,-65,2462000,[0],[4]
0,0,5,eduroam,70:3a:0e:5c:c0:d0:,-82,5765000,[0],[4]
0,0,5,eduroam,70:3a:0e:60:e8:e0:,-72,2462000,[0],[4]
0,0,5,eduroam,70:3a:0e:61:00:10:,-85,5680000,[0],[4]
0,0,5,eduroam,70:3a:0e:60:e8:f0:,-75,5745000,[0],[4]
0,0,5,eduroam,70:3a:0e:62:77:70:,-51,5560000,[0],[4]
0,0,5,eduroam,70:3a:0e:5c:d0:90:,-82,5520000,[0],[4]
0,0,5,eduroam,70:3a:0e:5c:e0:10:,-90,5320000,[0],[4]
0,0,5,eduroam,70:3a:0e:62:87:10:,-73,5300000,[0],[4]
0,0,5,eduroam,70:3a:0e:5c:db:30:,-86,5240000,[0],[4]
0,0,5,eduroam,70:3a:0e:62:87:00:,-70,2462000,[0],[4]
0,0,5,eduroam,70:3a:0e:62:77:60:,-52,2437000,[0],[4]
0,0,5,eduroam,70:3a:0e:5c:e0:00:,-61,2412000,[0],[4]
0,0,5,DIRECT-91-HP M454dw Color LJ,4a:9e:bd:69:6a:91:,-73,2437000,[0],[4]
0,50,0,eduroam,70:3a:0e:5c:dc:30:,-89,5620000,[0],[4]
0,50,0,eduroam,70:3a:0e:61:0d:90:,-89,5580000,[0],[4]
0,50,0,eduroam,70:3a:0e:61:0a:b0:,-82,5280000,[0],[4]
0,50,0,eduroam,70:3a:0e:61:00:a0:,-76,2462000,[0],[4]
0,50,0,eduroam,70:3a:0e:5c:db:20:,-66,2462000,[0],[4]
0,50,0,eduroam,70:3a:0e:61:0a:a0:,-76,2437000,[0],[4]
0,50,0,eduroam,70:3a:0e:5c:c0:c0:,-71,2462000,[0],[4]
0,50,0,eduroam,70:3a:0e:60:e8:e0:,-72,2462000,[0],[4]
0,50,0,eduroam,70:3a:0e:61:00:10:,-85,5680000,[0],[4]
0,50,0,eduroam,70:3a:0e:60:e8:f0:,-68,5745000,[0],[4]
0,50,0,eduroam,70:3a:0e:62:77:70:,-54,5560000,[0],[4]
0,50,0,eduroam,70:3a:0e:5c:d0:90:,-82,5520000,[0],[4]
0,50,0,eduroam,70:3a:0e:62:87:10:,-67,5300000,[0],[4]
0,50,0,eduroam,70:3a:0e:5c:db:30:,-86,5240000,[0],[4]
0,50,0,eduroam,70:3a:0e:62:87:00:,-71,2462000,[0],[4]
0,50,0,eduroam,70:3a:0e:62:77:60:,-62,2437000,[0],[4]
0,50,0,eduroam,70:3a:0e:5c:e0:00:,-61,2412000,[0],[4]
0,50,0,UofM-IoT,70:3a:0e:5c:dc:32:,-89,5620000,[0],[4]
0,50,0,UofM-IoT,70:3a:0e:61:0d:92:,-91,5580000,[0],[4]
0,50,0,UofM-IoT,70:3a:0e:61:00:a2:,-76,2462000,[0],[4]
0,50,0,UofM-IoT,70:3a:0e:61:0a:b2:,-82,5280000,[0],[4]
0,50,0,UofM-IoT,70:3a:0e:60:e8:e2:,-71,2462000,[0],[4]
0,50,0,UofM-IoT,70:3a:0e:60:e8:f2:,-68,5745000,[0],[4]
0,50,0,UofM-IoT,70:3a:0e:61:00:12:,-84,5680000,[0],[4]
0,50,0,UofM-IoT,70:3a:0e:62:77:72:,-59,5560000,[0],[4]
0,50,0,UofM-IoT,70:3a:0e:5c:d0:92:,-82,5520000,[0],[4]
0,50,0,UofM-IoT,70:3a:0e:62:87:12:,-67,5300000,[0],[4]
0,50,0,UofM-IoT,70:3a:0e:5c:db:32:,-86,5240000,[0],[4]
0,50,0,UofM-IoT,70:3a:0e:62:87:02:,-71,2462000,[0],[4]
0,50,0,UofM-IoT,70:3a:0e:5c:db:22:,-66,2462000,[0],[4]
0,50,0,UofM-IoT,70:3a:0e:62:77:62:,-64,2437000,[0],[4]
0,50,0,UofM-IoT,70:3a:0e:5c:e0:02:,-61,2412000,[0],[4]
0,50,0,UofM-Guest,70:3a:0e:5c:dc:31:,-89,5620000,[0],[0]
0,50,0,UofM-Guest,70:3a:0e:61:0d:91:,-89,5580000,[0],[0]
0,50,0,UofM-Guest,70:3a:0e:61:0a:b1:,-82,5280000,[0],[0]
0,50,0,UofM-Guest,70:3a:0e:5c:db:21:,-66,2462000,[0],[0]
0,50,0,UofM-Guest,70:3a:0e:62:87:01:,-70,2462000,[0],[0]
0,50,0,UofM-Guest,70:3a:0e:60:e8:f1:,-68,5745000,[0],[0]
0,50,0,UofM-Guest,70:3a:0e:61:00:11:,-85,5680000,[0],[0]
0,50,0,UofM-Guest,70:3a:0e:62:77:71:,-59,5560000,[0],[0]
0,50,0,UofM-Guest,70:3a:0e:5c:d0:91:,-82,5520000,[0],[0]
0,50,0,UofM-Guest,70:3a:0e:62:87:11:,-67,5300000,[0],[0]
0,50,0,UofM-Guest,70:3a:0e:5c:db:31:,-87,5240000,[0],[0]
0,50,0,UofM-Guest,70:3a:0e:62:77:61:,-62,2437000,[0],[0]
0,50,0,UofM-Guest,70:3a:0e:5c:e0:01:,-61,2412000,[0],[0]
0,50,0,eduroam,70:3a:0e:5c:dc:30:,-89,5620000,[0],[4]
0,50,0,eduroam,70:3a:0e:61:0d:90:,-89,5580000,[0],[4]
0,50,0,eduroam,70:3a:0e:61:0a:b0:,-82,5280000,[0],[4]
0,50,0,eduroam,70:3a:0e:61:00:a0:,-76,2462000,[0],[4]
0,50,0,eduroam,70:3a:0e:5c:db:20:,-66,2462000,[0],[4]
0,50,0,eduroam,70:3a:0e:61:0a:a0:,-76,2437000,[0],[4]
0,50,0,eduroam,70:3a:0e:5c:c0:c0:,-71,2462000,[0],[4]
0,50,0,eduroam,70:3a:0e:60:e8:e0:,-72,2462000,[0],[4]
0,50,0,eduroam,70:3a:0e:61:00:10:,-85,5680000,[0],[4]
0,50,0,eduroam,70:3a:0e:60:e8:f0:,-68,5745000,[0],[4]
0,50,0,eduroam,70:3a:0e:62:77:70:,-54,5560000,[0],[4]
0,50,0,eduroam,70:3a:0e:5c:d0:90:,-82,5520000,[0],[4]
0,50,0,eduroam,70:3a:0e:62:87:10:,-67,5300000,[0],[4]
0,50,0,eduroam,70:3a:0e:5c:db:30:,-86,5240000,[0],[4]
0,50,0,eduroam,70:3a:0e:62:87:00:,-71,2462000,[0],[4]
0,50,0,eduroam,70:3a:0e:62:77:60:,-62,2437000,[0],[4]
0,50,0,eduroam,70:3a:0e:5c:e0:00:,-61,2412000,[0],[4]
0,50,0,DIRECT-91-HP M454dw Color LJ,4a:9e:bd:69:6a:91:,-76,2437000,[0],[4]
0,50,5,eduroam,70:3a:0e:5c:dc:30:,-89,5620000,[0],[4]
0,50,5,eduroam,70:3a:0e:61:0d:90:,-89,5580000,[0],[4]
0,50,5,eduroam,70:3a:0e:61:0a:b0:,-82,5280000,[0],[4]
0,50,5,eduroam,70:3a:0e:61:00:a0:,-76,2462000,[0],[4]
0,50,5,eduroam,70:3a:0e:5c:db:20:,-66,2462000,[0],[4]
0,50,5,eduroam,70:3a:0e:61:0a:a0:,-76,2437000,[0],[4]
0,50,5,eduroam,70:3a:0e:5c:c0:c0:,-65,2462000,[0],[4]
0,50,5,eduroam,70:3a:0e:60:e8:e0:,-63,2462000,[0],[4]
0,50,5,eduroam,70:3a:0e:61:00:10:,-91,5680000,[0],[4]
0,50,5,eduroam,70:3a:0e:60:e8:f0:,-58,5745000,[0],[4]
0,50,5,eduroam,70:3a:0e:62:77:70:,-54,5560000,[0],[4]
0,50,5,eduroam,70:3a:0e:5c:d0:90:,-85,5520000,[0],[4]
0,50,5,eduroam,70:3a:0e:5c:e0:10:,-88,5320000,[0],[4]
0,50,5,eduroam,70:3a:0e:62:87:10:,-63,5300000,[0],[4]
0,50,5,eduroam,70:3a:0e:5c:db:30:,-86,5240000,[0],[4]
0,50,5,eduroam,70:3a:0e:62:87:00:,-65,2462000,[0],[4]
0,50,5,eduroam,70:3a:0e:62:77:60:,-58,2437000,[0],[4]
0,50,5,eduroam,70:3a:0e:5c:e0:00:,-61,2412000,[0],[4]
0,50,5,UofM-IoT,70:3a:0e:5c:dc:32:,-89,5620000,[0],[4]
0,50,5,UofM-IoT,70:3a:0e:61:0d:92:,-91,5580000,[0],[4]
0,50,5,UofM-IoT,70:3a:0e:61:00:a2:,-76,2462000,[0],[4]
0,50,5,UofM-IoT,70:3a:0e:5c:c1:d2:,-90,5660000,[0],[4]
0,50,5,UofM-IoT,70:3a:0e:61:0a:b2:,-90,5280000,[0],[4]
0,50,5,UofM-IoT,70:3a:0e:60:e8:e2:,-63,2462000,[0],[4]
0,50,5,UofM-IoT,70:3a:0e:60:e8:f2:,-58,5745000,[0],[4]
0,50,5,UofM-IoT,70:3a:0e:61:00:12:,-90,5680000,[0],[4]
0,50,5,UofM-IoT,70:3a:0e:62:77:72:,-54,5560000,[0],[4]
0,50,5,UofM-IoT,70:3a:0e:5c:d0:92:,-85,5520000,[0],[4]
0,50,5,UofM-IoT,70:3a:0e:5c:e0:12:,-88,5320000,[0],[4]
0,50,5,UofM-IoT,70:3a:0e:62:87:12:,-63,5300000,[0],[4]
0,50,5,UofM-IoT,70:3a:0e:5c:db:32:,-77,5240000,[0],[4]
0,50,5,UofM-IoT,70:3a:0e:62:87:02:,-71,2462000,[0],[4]
0,50,5,UofM-IoT,70:3a:0e:5c:db:22:,-66,2462000,[0],[4]
0,50,5,UofM-IoT,70:3a:0e:62:77:62:,-58,2437000,[0],[4]
0,50,5,UofM-IoT,70:3a:0e:5c:e0:02:,-61,2412000,[0],[4]
0,50,5,UofM-Guest,70:3a:0e:5c:dc:31:,-89,5620000,[0],[0]
0,50,5,UofM-Guest,70:3a:0e:61:0d:91:,-89,5580000,[0],[0]
0,50,5,UofM-Guest,70:3a:0e:61:0a:b1:,-90,5280000,[0],[0]
0,50,5,UofM-Guest,70:3a:0e:5c:db:21:,-66,2462000,[0],[0]
0,50,5,UofM-Guest,70:3a:0e:5c:c1:d1:,-91,5660000,[0],[0]
0,50,5,UofM-Guest,70:3a:0e:62:87:01:,-66,2462000,[0],[0]
0,50,5,UofM-Guest,70:3a:0e:60:e8:e1:,-63,2462000,[0],[0]
0,50,5,UofM-Guest,70:3a:0e:60:e8:f1:,-58,5745000,[0],[0]
0,50,5,UofM-Guest,70:3a:0e:61:00:11:,-85,5680000,[0],[0]
0,50,5,UofM-Guest,70:3a:0e:62:77:71:,-53,5560000,[0],[0]
0,50,5,UofM-Guest,70:3a:0e:5c:d0:91:,-84,5520000,[0],[0]
0,50,5,UofM-Guest,70:3a:0e:5c:e0:11:,-88,5320000,[0],[0]
0,50,5,UofM-Guest,70:3a:0e:62:87:11:,-63,5300000,[0],[0]
0,50,5,UofM-Guest,70:3a:0e:5c:db:31:,-87,5240000,[0],[0]
0,50,5,UofM-Guest,70:3a:0e:62:77:61:,-58,2437000,[0],[0]
0,50,5,UofM-Guest,70:3a:0e:5c:e0:01:,-61,2412000,[0],[0]
0,50,5,eduroam,70:3a:0e:5c:dc:30:,-89,5620000,[0],[4]
0,50,5,eduroam,70:3a:0e:61:0d:90:,-89,5580000,[0],[4]
0,50,5,eduroam,70:3a:0e:61:0a:b0:,-82,5280000,[0],[4]
0,50,5,eduroam,70:3a:0e:61:00:a0:,-76,2462000,[0],[4]
0,50,5,eduroam,70:3a:0e:5c:db:20:,-66,2462000,[0],[4]
0,50,5,eduroam,70:3a:0e:61:0a:a0:,-76,2437000,[0],[4]
0,50,5,eduroam,70:3a:0e:5c:c0:c0:,-65,2462000,[0],[4]
0,50,5,eduroam,70:3a:0e:60:e8:e0:,-63,2462000,[0],[4]
0,50,5,eduroam,70:3a:0e:61:00:10:,-91,5680000,[0],[4]
0,50,5,eduroam,70:3a:0e:60:e8:f0:,-58,5745000,[0],[4]
0,50,5,eduroam,70:3a:0e:62:77:70:,-54,5560000,[0],[4]
0,50,5,eduroam,70:3a:0e:5c:d0:90:,-85,5520000,[0],[4]
0,50,5,eduroam,70:3a:0e:5c:e0:10:,-88,5320000,[0],[4]
0,50,5,eduroam,70:3a:0e:62:87:10:,-63,5300000,[0],[4]
0,50,5,eduroam,70:3a:0e:5c:db:30:,-86,5240000,[0],[4]
0,50,5,eduroam,70:3a:0e:62:87:00:,-65,2462000,[0],[4]
0,50,5,eduroam,70:3a:0e:62:77:60:,-58,2437000,[0],[4]
0,50,5,eduroam,70:3a:0e:5c:e0:00:,-61,2412000,[0],[4]
0,50,5,DIRECT-91-HP M454dw Color LJ,4a:9e:bd:69:6a:91:,-73,2437000,[0],[4]
0,100,0,eduroam,70:3a:0e:5c:dc:30:,-88,5620000,[0],[4]
0,100,0,eduroam,70:3a:0e:61:0a:b0:,-80,5280000,[0],[4]
0,100,0,eduroam,70:3a:0e:5c:c0:c0:,-65,2462000,[0],[4]
0,100,0,eduroam,70:3a:0e:60:e8:e0:,-63,2462000,[0],[4]
0,100,0,eduroam,70:3a:0e:61:00:10:,-86,5680000,[0],[4]
0,100,0,eduroam,70:3a:0e:60:e8:f0:,-82,5745000,[0],[4]
0,100,0,eduroam,70:3a:0e:62:77:70:,-72,5560000,[0],[4]
0,100,0,eduroam,70:3a:0e:5c:d0:90:,-78,5520000,[0],[4]
0,100,0,eduroam,70:3a:0e:5c:e0:10:,-72,5320000,[0],[4]
0,100,0,eduroam,70:3a:0e:62:87:10:,-84,5300000,[0],[4]
0,100,0,eduroam,70:3a:0e:5c:db:30:,-68,5240000,[0],[4]
0,100,0,eduroam,70:3a:0e:62:87:00:,-65,2462000,[0],[4]
0,100,0,eduroam,70:3a:0e:62:77:60:,-58,2437000,[0],[4]
0,100,0,UofM-IoT,70:3a:0e:5c:dc:32:,-89,5620000,[0],[4]
0,100,0,UofM-IoT,70:3a:0e:61:00:a2:,-73,2462000,[0],[4]
0,100,0,UofM-IoT,70:3a:0e:5c:c1:d2:,-90,5660000,[0],[4]
0,100,0,UofM-IoT,70:3a:0e:61:0a:b2:,-80,5280000,[0],[4]
0,100,0,UofM-IoT,70:3a:0e:60:e8:e2:,-63,2462000,[0],[4]
0,100,0,UofM-IoT,70:3a:0e:60:e8:f2:,-82,5745000,[0],[4]
0,100,0,UofM-IoT,70:3a:0e:61:00:12:,-86,5680000,[0],[4]
0,100,0,UofM-IoT,70:3a:0e:62:77:72:,-69,5560000,[0],[4]
0,100,0,UofM-IoT,70:3a:0e:5c:d0:92:,-79,5520000,[0],[4]
0,100,0,UofM-IoT,70:3a:0e:5c:e0:12:,-72,5320000,[0],[4]
0,100,0,UofM-IoT,70:3a:0e:62:87:12:,-85,5300000,[0],[4]
0,100,0,UofM-IoT,70:3a:0e:5c:db:32:,-68,5240000,[0],[4]
0,100,0,UofM-IoT,70:3a:0e:62:87:02:,-71,2462000,[0],[4]
0,100,0,UofM-IoT,70:3a:0e:5c:db:22:,-66,2462000,[0],[4]
0,100,0,UofM-IoT,70:3a:0e:62:77:62:,-58,2437000,[0],[4]
0,100,0,UofM-Guest,70:3a:0e:5c:dc:31:,-88,5620000,[0],[0]
0,100,0,UofM-Guest,70:3a:0e:61:0a:b1:,-80,5280000,[0],[0]
0,100,0,UofM-Guest,70:3a:0e:5c:db:21:,-67,2462000,[0],[0]
0,100,0,UofM-Guest,70:3a:0e:5c:c1:d1:,-91,5660000,[0],[0]
0,100,0,UofM-Guest,70:3a:0e:62:87:01:,-66,2462000,[0],[0]
0,100,0,UofM-Guest,70:3a:0e:60:e8:e1:,-63,2462000,[0],[0]
0,100,0,UofM-Guest,70:3a:0e:60:e8:f1:,-82,5745000,[0],[0]
0,100,0,UofM-Guest,70:3a:0e:61:00:11:,-85,5680000,[0],[0]
0,100,0,UofM-Guest,70:3a:0e:62:77:71:,-69,5560000,[0],[0]
0,100,0,UofM-Guest,70:3a:0e:5c:d0:91:,-78,5520000,[0],[0]
0,100,0,UofM-Guest,70:3a:0e:5c:e0:11:,-72,5320000,[0],[0]
0,100,0,UofM-Guest,70:3a:0e:62:87:11:,-85,5300000,[0],[0]
0,100,0,UofM-Guest,70:3a:0e:5c:db:31:,-68,5240000,[0],[0]
0,100,0,UofM-Guest,70:3a:0e:62:77:61:,-58,2437000,[0],[0]
0,100,0,UofM-Guest,70:3a:0e:5c:e0:01:,-61,2412000,[0],[0]
0,100,0,eduroam,70:3a:0e:5c:dc:30:,-88,5620000,[0],[4]
0,100,0,eduroam,70:3a:0e:61:0a:b0:,-80,5280000,[0],[4]
0,100,0,eduroam,70:3a:0e:5c:c0:c0:,-65,2462000,[0],[4]
0,100,0,eduroam,70:3a:0e:60:e8:e0:,-63,2462000,[0],[4]
0,100,0,eduroam,70:3a:0e:61:00:10:,-86,5680000,[0],[4]
0,100,0,eduroam,70:3a:0e:60:e8:f0:,-82,5745000,[0],[4]
0,100,0,eduroam,70:3a:0e:62:77:70:,-72,5560000,[0],[4]
0,100,0,eduroam,70:3a:0e:5c:d0:90:,-78,5520000,[0],[4]
0,100,0,eduroam,70:3a:0e:5c:e0:10:,-72,5320000,[0],[4]
0,100,0,eduroam,70:3a:0e:62:87:10:,-84,5300000,[0],[4]
0,100,0,eduroam,70:3a:0e:5c:db:30:,-68,5240000,[0],[4]
0,100,0,eduroam,70:3a:0e:62:87:00:,-65,2462000,[0],[4]
0,100,0,eduroam,70:3a:0e:62:77:60:,-58,2437000,[0],[4]
0,100,0,DIRECT-91-HP M454dw Color LJ,4a:9e:bd:69:6a:91:,-74,2437000,[0],[4]
0,100,5,eduroam,70:3a:0e:5c:db:d0:,-90,5805000,[0],[4]
0,100,5,eduroam,70:3a:0e:5c:dc:30:,-88,5620000,[0],[4]
0,100,5,eduroam,70:3a:0e:61:0a:b0:,-81,5280000,[0],[4]
0,100,5,eduroam,70:3a:0e:5c:db:20:,-63,2462000,[0],[4]
0,100,5,eduroam,70:3a:0e:5c:c0:c0:,-65,2462000,[0],[4]
0,100,5,eduroam,70:3a:0e:5c:c0:d0:,-91,5765000,[0],[4]
0,100,5,eduroam,70:3a:0e:60:e8:e0:,-63,2462000,[0],[4]
0,100,5,eduroam,70:3a:0e:61:00:10:,-79,5680000,[0],[4]
0,100,5,eduroam,70:3a:0e:60:e8:f0:,-75,5745000,[0],[4]
0,100,5,eduroam,70:3a:0e:62:77:70:,-64,5560000,[0],[4]
0,100,5,eduroam,70:3a:0e:5c:d0:90:,-74,5520000,[0],[4]
0,100,5,eduroam,70:3a:0e:5c:e0:10:,-72,5320000,[0],[4]
0,100,5,eduroam,70:3a:0e:62:87:10:,-82,5300000,[0],[4]
0,100,5,eduroam,70:3a:0e:5c:db:30:,-66,5240000,[0],[4]
0,100,5,eduroam,70:3a:0e:62:87:00:,-65,2462000,[0],[4]
0,100,5,eduroam,70:3a:0e:62:77:60:,-58,2437000,[0],[4]
0,100,5,eduroam,70:3a:0e:5c:db:d0:,-90,5805000,[0],[4]
0,100,5,eduroam,70:3a:0e:5c:dc:30:,-88,5620000,[0],[4]
0,100,5,eduroam,70:3a:0e:61:0a:b0:,-81,5280000,[0],[4]
0,100,5,eduroam,70:3a:0e:5c:db:20:,-63,2462000,[0],[4]
0,100,5,eduroam,70:3a:0e:5c:c0:c0:,-65,2462000,[0],[4]
0,100,5,eduroam,70:3a:0e:5c:c0:d0:,-91,5765000,[0],[4]
0,100,5,eduroam,70:3a:0e:60:e8:e0:,-63,2462000,[0],[4]
0,100,5,eduroam,70:3a:0e:61:00:10:,-79,5680000,[0],[4]
0,100,5,eduroam,70:3a:0e:60:e8:f0:,-75,5745000,[0],[4]
0,100,5,eduroam,70:3a:0e:62:77:70:,-64,5560000,[0],[4]
0,100,5,eduroam,70:3a:0e:5c:d0:90:,-74,5520000,[0],[4]
0,100,5,eduroam,70:3a:0e:5c:e0:10:,-72,5320000,[0],[4]
0,100,5,eduroam,70:3a:0e:62:87:10:,-82,5300000,[0],[4]
0,100,5,eduroam,70:3a:0e:5c:db:30:,-66,5240000,[0],[4]
0,100,5,eduroam,70:3a:0e:62:87:00:,-65,2462000,[0],[4]
0,100,5,eduroam,70:3a:0e:62:77:60:,-58,2437000,[0],[4]
0,100,5,UofM-Guest,70:3a:0e:5c:db:d1:,-90,5805000,[0],[0]
0,100,5,UofM-Guest,70:3a:0e:5c:dc:31:,-88,5620000,[0],[0]
0,100,5,UofM-Guest,70:3a:0e:61:0a:b1:,-80,5280000,[0],[0]
0,100,5,UofM-Guest,70:3a:0e:5c:db:21:,-62,2462000,[0],[0]
0,100,5,UofM-Guest,70:3a:0e:5c:c1:d1:,-91,5660000,[0],[0]
0,100,5,UofM-Guest,70:3a:0e:62:87:01:,-66,2462000,[0],[0]
0,100,5,UofM-Guest,70:3a:0e:60:e8:e1:,-63,2462000,[0],[0]
0,100,5,UofM-Guest,70:3a:0e:60:e8:f1:,-75,5745000,[0],[0]
0,100,5,UofM-Guest,70:3a:0e:61:00:11:,-78,5680000,[0],[0]
0,100,5,UofM-Guest,70:3a:0e:62:77:71:,-62,5560000,[0],[0]
0,100,5,UofM-Guest,70:3a:0e:5c:d0:91:,-74,5520000,[0],[0]
0,100,5,UofM-Guest,70:3a:0e:5c:e0:11:,-72,5320000,[0],[0]
0,100,5,UofM-Guest,70:3a:0e:62:87:11:,-82,5300000,[0],[0]
0,100,5,UofM-Guest,70:3a:0e:5c:db:31:,-66,5240000,[0],[0]
0,100,5,UofM-Guest,70:3a:0e:62:77:61:,-58,2437000,[0],[0]
0,100,5,UofM-Guest,70:3a:0e:5c:e0:01:,-61,2412000,[0],[0]
0,100,5,UofM-IoT,70:3a:0e:5c:dc:32:,-89,5620000,[0],[4]
0,100,5,UofM-IoT,70:3a:0e:61:00:a2:,-73,2462000,[0],[4]
0,100,5,UofM-IoT,70:3a:0e:5c:c1:d2:,-90,5660000,[0],[4]
0,100,5,UofM-IoT,70:3a:0e:61:0a:b2:,-80,5280000,[0],[4]
0,100,5,UofM-IoT,70:3a:0e:60:e8:e2:,-63,2462000,[0],[4]
0,100,5,UofM-IoT,70:3a:0e:60:e8:f2:,-75,5745000,[0],[4]
0,100,5,UofM-IoT,70:3a:0e:61:00:12:,-79,5680000,[0],[4]
0,100,5,UofM-IoT,70:3a:0e:62:77:72:,-62,5560000,[0],[4]
0,100,5,UofM-IoT,70:3a:0e:5c:d0:92:,-74,5520000,[0],[4]
0,100,5,UofM-IoT,70:3a:0e:5c:e0:12:,-72,5320000,[0],[4]
0,100,5,UofM-IoT,70:3a:0e:62:87:12:,-81,5300000,[0],[4]
0,100,5,UofM-IoT,70:3a:0e:5c:db:32:,-66,5240000,[0],[4]
0,100,5,UofM-IoT,70:3a:0e:62:87:02:,-71,2462000,[0],[4]
0,100,5,UofM-IoT,70:3a:0e:5c:db:22:,-63,2462000,[0],[4]
0,100,5,UofM-IoT,70:3a:0e:62:77:62:,-58,2437000,[0],[4]
0,100,5,DIRECT-91-HP M454dw Color LJ,4a:9e:bd:69:6a:91:,-65,2437000,[0],[4]
0,150,0,eduroam,70:3a:0e:5c:df:30:,-85,5220000,[0],[4]
0,150,0,eduroam,70:3a:0e:60:fd:b0:,-86,5220000,[0],[4]
0,150,0,eduroam,70:3a:0e:5c:e6:90:,-74,5320000,[0],[4]
0,150,0,eduroam,70:3a:0e:61:00:70:,-88,5680000,[0],[4]
0,150,0,eduroam,70:3a:0e:5c:e6:80:,-72,2412000,[0],[4]
0,150,0,eduroam,70:3a:0e:61:00:00:,-69,2412000,[0],[4]
0,150,0,eduroam,70:3a:0e:5c:db:d0:,-72,5805000,[0],[4]
0,150,0,eduroam,70:3a:0e:5c:dc:30:,-87,5620000,[0],[4]
0,150,0,eduroam,70:3a:0e:61:0a:b0:,-81,5280000,[0],[4]
0,150,0,eduroam,70:3a:0e:5c:db:20:,-63,2462000,[0],[4]
0,150,0,eduroam,70:3a:0e:5c:c0:c0:,-65,2462000,[0],[4]
0,150,0,eduroam,70:3a:0e:5c:c0:d0:,-91,5765000,[0],[4]
0,150,0,eduroam,70:3a:0e:60:e8:e0:,-63,2462000,[0],[4]
0,150,0,eduroam,70:3a:0e:61:00:10:,-79,5680000,[0],[4]
0,150,0,eduroam,70:3a:0e:60:e8:f0:,-75,5745000,[0],[4]
0,150,0,eduroam,70:3a:0e:62:77:70:,-69,5560000,[0],[4]
0,150,0,eduroam,70:3a:0e:5c:d0:90:,-76,5520000,[0],[4]
0,150,0,eduroam,70:3a:0e:5c:e0:10:,-92,5320000,[0],[4]
0,150,0,eduroam,70:3a:0e:62:87:10:,-82,5300000,[0],[4]
0,150,0,eduroam,70:3a:0e:5c:db:30:,-78,5240000,[0],[4]
0,150,0,eduroam,70:3a:0e:62:87:00:,-65,2462000,[0],[4]
0,150,0,eduroam,70:3a:0e:62:77:60:,-58,2437000,[0],[4]
0,150,0,eduroam,70:3a:0e:5c:df:30:,-85,5220000,[0],[4]
0,150,0,eduroam,70:3a:0e:60:fd:b0:,-86,5220000,[0],[4]
0,150,0,eduroam,70:3a:0e:5c:e6:90:,-74,5320000,[0],[4]
0,150,0,eduroam,70:3a:0e:61:00:70:,-88,5680000,[0],[4]
0,150,0,eduroam,70:3a:0e:5c:e6:80:,-72,2412000,[0],[4]
0,150,0,eduroam,70:3a:0e:61:00:00:,-69,2412000,[0],[4]
0,150,0,eduroam,70:3a:0e:5c:db:d0:,-72,5805000,[0],[4]
0,150,0,eduroam,70:3a:0e:5c:dc:30:,-87,5620000,[0],[4]
0,150,0,eduroam,70:3a:0e:61:0a:b0:,-81,5280000,[0],[4]
0,150,0,eduroam,70:3a:0e:5c:db:20:,-63,2462000,[0],[4]
0,150,0,eduroam,70:3a:0e:5c:c0:c0:,-65,2462000,[0],[4]
0,150,0,eduroam,70:3a:0e:5c:c0:d0:,-91,5765000,[0],[4]
0,150,0,eduroam,70:3a:0e:60:e8:e0:,-63,2462000,[0],[4]
0,150,0,eduroam,70:3a:0e:61:00:10:,-79,5680000,[0],[4]
0,150,0,eduroam,70:3a:0e:60:e8:f0:,-75,5745000,[0],[4]
0,150,0,eduroam,70:3a:0e:62:77:70:,-69,5560000,[0],[4]
0,150,0,eduroam,70:3a:0e:5c:d0:90:,-76,5520000,[0],[4]
0,150,0,eduroam,70:3a:0e:5c:e0:10:,-92,5320000,[0],[4]
0,150,0,eduroam,70:3a:0e:62:87:10:,-82,5300000,[0],[4]
0,150,0,eduroam,70:3a:0e:5c:db:30:,-78,5240000,[0],[4]
0,150,0,eduroam,70:3a:0e:62:87:00:,-65,2462000,[0],[4]
0,150,0,eduroam,70:3a:0e:62:77:60:,-58,2437000,[0],[4]
0,150,0,UofM-IoT,70:3a:0e:5c:df:32:,-85,5220000,[0],[4]
0,150,0,UofM-IoT,70:3a:0e:60:fd:b2:,-87,5220000,[0],[4]
0,150,0,UofM-IoT,70:3a:0e:5c:e6:92:,-74,5320000,[0],[4]
0,150,0,UofM-IoT,70:3a:0e:5c:db:d2:,-73,5805000,[0],[4]
0,150,0,UofM-IoT,70:3a:0e:61:00:72:,-87,5680000,[0],[4]
0,150,0,UofM-IoT,70:3a:0e:5c:e6:82:,-71,2412000,[0],[4]
0,150,0,UofM-IoT,70:3a:0e:61:00:02:,-68,2412000,[0],[4]
0,150,0,UofM-IoT,70:3a:0e:5c:dc:32:,-87,5620000,[0],[4]
0,150,0,UofM-IoT,70:3a:0e:61:00:a2:,-73,2462000,[0],[4]
0,150,0,UofM-IoT,70:3a:0e:5c:c1:d2:,-90,5660000,[0],[4]
0,150,0,UofM-IoT,70:3a:0e:61:0a:b2:,-80,5280000,[0],[4]
0,150,0,UofM-IoT,70:3a:0e:60:e8:e2:,-63,2462000,[0],[4]
0,150,0,UofM-IoT,70:3a:0e:60:e8:f2:,-75,5745000,[0],[4]
0,150,0,UofM-IoT,70:3a:0e:61:00:12:,-79,5680000,[0],[4]
0,150,0,UofM-IoT,70:3a:0e:62:77:72:,-62,5560000,[0],[4]
0,150,0,UofM-IoT,70:3a:0e:5c:d0:92:,-76,5520000,[0],[4]
0,150,0,UofM-IoT,70:3a:0e:5c:e0:12:,-72,5320000,[0],[4]
0,150,0,UofM-IoT,70:3a:0e:62:87:12:,-81,5300000,[0],[4]
0,150,0,UofM-IoT,70:3a:0e:5c:db:32:,-78,5240000,[0],[4]
0,150,0,UofM-IoT,70:3a:0e:62:87:02:,-71,2462000,[0],[4]
0,150,0,UofM-IoT,70:3a:0e:5c:db:22:,-63,2462000,[0],[4]
0,150,0,UofM-IoT,70:3a:0e:62:77:62:,-58,2437000,[0],[4]
0,150,0,UofM-Guest,70:3a:0e:5c:df:31:,-85,5220000,[0],[0]
0,150,0,UofM-Guest,70:3a:0e:60:fd:b1:,-86,5220000,[0],[0]
0,150,0,UofM-Guest,70:3a:0e:5c:e6:91:,-74,5320000,[0],[0]
0,150,0,UofM-Guest,70:3a:0e:61:00:71:,-87,5680000,[0],[0]
0,150,0,UofM-Guest,70:3a:0e:5c:e6:81:,-72,2412000,[0],[0]
0,150,0,UofM-Guest,70:3a:0e:61:00:01:,-69,2412000,[0],[0]
0,150,0,UofM-Guest,70:3a:0e:5c:db:d1:,-72,5805000,[0],[0]
0,150,0,UofM-Guest,70:3a:0e:5c:dc:31:,-87,5620000,[0],[0]
0,150,0,UofM-Guest,70:3a:0e:61:0a:b1:,-80,5280000,[0],[0]
0,150,0,UofM-Guest,70:3a:0e:5c:db:21:,-62,2462000,[0],[0]
0,150,0,UofM-Guest,70:3a:0e:5c:c1:d1:,-91,5660000,[0],[0]
0,150,0,UofM-Guest,70:3a:0e:62:87:01:,-66,2462000,[0],[0]
0,150,0,UofM-Guest,70:3a:0e:60:e8:e1:,-63,2462000,[0],[0]
0,150,0,UofM-Guest,70:3a:0e:60:e8:f1:,-75,5745000,[0],[0]
0,150,0,UofM-Guest,70:3a:0e:61:00:11:,-78,5680000,[0],[0]
0,150,0,UofM-Guest,70:3a:0e:62:77:71:,-73,5560000,[0],[0]
0,150,0,UofM-Guest,70:3a:0e:5c:d0:91:,-76,5520000,[0],[0]
0,150,0,UofM-Guest,70:3a:0e:5c:e0:11:,-72,5320000,[0],[0]
0,150,0,UofM-Guest,70:3a:0e:62:87:11:,-82,5300000,[0],[0]
0,150,0,UofM-Guest,70:3a:0e:5c:db:31:,-77,5240000,[0],[0]
0,150,0,UofM-Guest,70:3a:0e:62:77:61:,-58,2437000,[0],[0]
0,150,0,UofM-Guest,70:3a:0e:5c:e0:01:,-61,2412000,[0],[0]
0,150,0,DIRECT-91-HP M454dw Color LJ,4a:9e:bd:69:6a:91:,-56,2437000,[0],[4]
0,150,5,eduroam,70:3a:0e:5c:c6:50:,-91,5200000,[0],[4]
0,150,5,eduroam,70:3a:0e:5c:d9:d0:,-90,5765000,[0],[4]
0,150,5,eduroam,70:3a:0e:5c:db:c0:,-70,2437000,[0],[4]
0,150,5,eduroam,70:3a:0e:5c:df:30:,-84,5220000,[0],[4]
0,150,5,eduroam,70:3a:0e:60:fd:b0:,-84,5220000,[0],[4]
0,150,5,eduroam,70:3a:0e:5c:e6:90:,-67,5320000,[0],[4]
0,150,5,eduroam,70:3a:0e:61:00:70:,-88,5680000,[0],[4]
0,150,5,eduroam,70:3a:0e:5c:e6:80:,-73,2412000,[0],[4]
0,150,5,eduroam,70:3a:0e:61:00:00:,-69,2412000,[0],[4]
0,150,5,eduroam,70:3a:0e:5c:db:d0:,-69,5805000,[0],[4]
0,150,5,eduroam,70:3a:0e:5c:dc:30:,-82,5620000,[0],[4]
0,150,5,eduroam,70:3a:0e:61:0a:b0:,-81,5280000,[0],[4]
0,150,5,eduroam,70:3a:0e:5c:db:20:,-71,2462000,[0],[4]
0,150,5,eduroam,70:3a:0e:5c:c0:c0:,-65,2462000,[0],[4]
0,150,5,eduroam,70:3a:0e:5c:c0:d0:,-91,5765000,[0],[4]
0,150,5,eduroam,70:3a:0e:60:e8:e0:,-63,2462000,[0],[4]
0,150,5,eduroam,70:3a:0e:61:00:10:,-70,5680000,[0],[4]
0,150,5,eduroam,70:3a:0e:60:e8:f0:,-75,5745000,[0],[4]
0,150,5,eduroam,70:3a:0e:62:77:70:,-70,5560000,[0],[4]
0,150,5,eduroam,70:3a:0e:5c:d0:90:,-72,5520000,[0],[4]
0,150,5,eduroam,70:3a:0e:5c:e0:10:,-92,5320000,[0],[4]
0,150,5,eduroam,70:3a:0e:62:87:10:,-82,5300000,[0],[4]
0,150,5,eduroam,70:3a:0e:5c:db:30:,-76,5240000,[0],[4]
0,150,5,eduroam,70:3a:0e:62:87:00:,-65,2462000,[0],[4]
0,150,5,eduroam,70:3a:0e:62:77:60:,-70,2437000,[0],[4]
0,150,5,eduroam,70:3a:0e:5c:c6:50:,-91,5200000,[0],[4]
0,150,5,eduroam,70:3a:0e:5c:d9:d0:,-90,5765000,[0],[4]
0,150,5,eduroam,70:3a:0e:5c:db:c0:,-70,2437000,[0],[4]
0,150,5,eduroam,70:3a:0e:5c:df:30:,-84,5220000,[0],[4]
0,150,5,eduroam,70:3a:0e:60:fd:b0:,-84,5220000,[0],[4]
0,150,5,eduroam,70:3a:0e:5c:e6:90:,-67,5320000,[0],[4]
0,150,5,eduroam,70:3a:0e:61:00:70:,-88,5680000,[0],[4]
0,150,5,eduroam,70:3a:0e:5c:e6:80:,-73,2412000,[0],[4]
0,150,5,eduroam,70:3a:0e:61:00:00:,-69,2412000,[0],[4]
0,150,5,eduroam,70:3a:0e:5c:db:d0:,-69,5805000,[0],[4]
0,150,5,eduroam,70:3a:0e:5c:dc:30:,-82,5620000,[0],[4]
0,150,5,eduroam,70:3a:0e:61:0a:b0:,-81,5280000,[0],[4]
0,150,5,eduroam,70:3a:0e:5c:db:20:,-71,2462000,[0],[4]
0,150,5,eduroam,70:3a:0e:5c:c0:c0:,-65,2462000,[0],[4]
0,150,5,eduroam,70:3a:0e:5c:c0:d0:,-91,5765000,[0],[4]
0,150,5,eduroam,70:3a:0e:60:e8:e0:,-63,2462000,[0],[4]
0,150,5,eduroam,70:3a:0e:61:00:10:,-70,5680000,[0],[4]
0,150,5,eduroam,70:3a:0e:60:e8:f0:,-75,5745000,[0],[4]
0,150,5,eduroam,70:3a:0e:62:77:70:,-70,5560000,[0],[4]
0,150,5,eduroam,70:3a:0e:5c:d0:90:,-72,5520000,[0],[4]
0,150,5,eduroam,70:3a:0e:5c:e0:10:,-92,5320000,[0],[4]
0,150,5,eduroam,70:3a:0e:62:87:10:,-82,5300000,[0],[4]
0,150,5,eduroam,70:3a:0e:5c:db:30:,-76,5240000,[0],[4]
0,150,5,eduroam,70:3a:0e:62:87:00:,-65,2462000,[0],[4]
0,150,5,eduroam,70:3a:0e:62:77:60:,-70,2437000,[0],[4]
0,150,5,UofM-IoT,70:3a:0e:5c:c6:52:,-90,5200000,[0],[4]
0,150,5,UofM-IoT,70:3a:0e:5c:d9:d2:,-91,5765000,[0],[4]
0,150,5,UofM-IoT,d0:d3:e0:a7:dc:d2:,-91,5280000,[0],[4]
0,150,5,UofM-IoT,70:3a:0e:5c:df:32:,-84,5220000,[0],[4]
0,150,5,UofM-IoT,70:3a:0e:60:fd:b2:,-84,5220000,[0],[4]
0,150,5,UofM-IoT,70:3a:0e:5c:e6:92:,-67,5320000,[0],[4]
0,150,5,UofM-IoT,70:3a:0e:5c:db:d2:,-69,5805000,[0],[4]
0,150,5,UofM-IoT,70:3a:0e:61:00:72:,-87,5680000,[0],[4]
0,150,5,UofM-IoT,70:3a:0e:5c:e6:82:,-73,2412000,[0],[4]
0,150,5,UofM-IoT,70:3a:0e:61:00:02:,-69,2412000,[0],[4]
0,150,5,UofM-IoT,70:3a:0e:5c:dc:32:,-83,5620000,[0],[4]
0,150,5,UofM-IoT,70:3a:0e:61:00:a2:,-73,2462000,[0],[4]
0,150,5,UofM-IoT,70:3a:0e:5c:c1:d2:,-90,5660000,[0],[4]
0,150,5,UofM-IoT,70:3a:0e:61:0a:b2:,-80,5280000,[0],[4]
0,150,5,UofM-IoT,70:3a:0e:60:e8:e2:,-63,2462000,[0],[4]
0,150,5,UofM-IoT,70:3a:0e:60:e8:f2:,-75,5745000,[0],[4]
0,150,5,UofM-IoT,70:3a:0e:61:00:12:,-70,5680000,[0],[4]
0,150,5,UofM-IoT,70:3a:0e:62:77:72:,-71,5560000,[0],[4]
0,150,5,UofM-IoT,70:3a:0e:5c:d0:92:,-72,5520000,[0],[4]
0,150,5,UofM-IoT,70:3a:0e:5c:e0:12:,-72,5320000,[0],[4]
0,150,5,UofM-IoT,70:3a:0e:62:87:12:,-81,5300000,[0],[4]
0,150,5,UofM-IoT,70:3a:0e:5c:db:32:,-76,5240000,[0],[4]
0,150,5,UofM-IoT,70:3a:0e:62:87:02:,-71,2462000,[0],[4]
0,150,5,UofM-IoT,70:3a:0e:5c:db:22:,-70,2462000,[0],[4]
0,150,5,UofM-IoT,70:3a:0e:62:77:62:,-58,2437000,[0],[4]
0,150,5,UofM-Guest,70:3a:0e:5c:c6:51:,-91,5200000,[0],[0]
0,150,5,UofM-Guest,70:3a:0e:5c:d9:d1:,-91,5765000,[0],[0]
0,150,5,UofM-Guest,d0:d3:e0:a7:dc:d1:,-91,5280000,[0],[0]
0,150,5,UofM-Guest,70:3a:0e:5c:df:31:,-84,5220000,[0],[0]
0,150,5,UofM-Guest,70:3a:0e:60:fd:b1:,-83,5220000,[0],[0]
0,150,5,UofM-Guest,70:3a:0e:5c:e6:91:,-67,5320000,[0],[0]
0,150,5,UofM-Guest,70:3a:0e:61:00:71:,-87,5680000,[0],[0]
0,150,5,UofM-Guest,70:3a:0e:5c:e6:81:,-72,2412000,[0],[0]
0,150,5,UofM-Guest,70:3a:0e:61:00:01:,-69,2412000,[0],[0]
0,150,5,UofM-Guest,70:3a:0e:5c:db:d1:,-69,5805000,[0],[0]
0,150,5,UofM-Guest,70:3a:0e:5c:dc:31:,-82,5620000,[0],[0]
0,150,5,UofM-Guest,70:3a:0e:61:0a:b1:,-80,5280000,[0],[0]
0,150,5,UofM-Guest,70:3a:0e:5c:db:21:,-62,2462000,[0],[0]
0,150,5,UofM-Guest,70:3a:0e:5c:c1:d1:,-91,5660000,[0],[0]
0,150,5,UofM-Guest,70:3a:0e:62:87:01:,-66,2462000,[0],[0]
0,150,5,UofM-Guest,70:3a:0e:60:e8:e1:,-63,2462000,[0],[0]
0,150,5,UofM-Guest,70:3a:0e:60:e8:f1:,-75,5745000,[0],[0]
0,150,5,UofM-Guest,70:3a:0e:61:00:11:,-70,5680000,[0],[0]
0,150,5,UofM-Guest,70:3a:0e:62:77:71:,-73,5560000,[0],[0]
0,150,5,UofM-Guest,70:3a:0e:5c:d0:91:,-72,5520000,[0],[0]
0,150,5,UofM-Guest,70:3a:0e:5c:e0:11:,-72,5320000,[0],[0]
0,150,5,UofM-Guest,70:3a:0e:62:87:11:,-82,5300000,[0],[0]
0,150,5,UofM-Guest,70:3a:0e:5c:db:31:,-76,5240000,[0],[0]
0,150,5,UofM-Guest,70:3a:0e:62:77:61:,-58,2437000,[0],[0]
0,150,5,UofM-Guest,70:3a:0e:5c:e0:01:,-61,2412000,[0],[0]
0,150,5,DIRECT-91-HP M454dw Color LJ,4a:9e:bd:69:6a:91:,-63,2437000,[0],[4]
0,200,0,eduroam,70:3a:0e:5c:dc:70:,-84,5180000,[0],[4]
0,200,0,eduroam,d0:d3:e0:a7:dc:d0:,-86,5280000,[0],[4]
0,200,0,eduroam,70:3a:0e:61:00:60:,-80,2412000,[0],[4]
0,200,0,eduroam,70:3a:0e:5c:d7:60:,-70,2412000,[0],[4]
0,200,0,eduroam,70:3a:0e:5c:d9:c0:,-74,2462000,[0],[4]
0,200,0,eduroam,70:3a:0e:5c:d7:70:,-63,5560000,[0],[4]
0,200,0,eduroam,70:3a:0e:5c:c6:50:,-91,5200000,[0],[4]
0,200,0,eduroam,70:3a:0e:5c:d9:d0:,-84,5765000,[0],[4]
0,200,0,eduroam,70:3a:0e:5c:db:c0:,-75,2437000,[0],[4]
0,200,0,eduroam,70:3a:0e:5c:df:30:,-72,5220000,[0],[4]
0,200,0,eduroam,70:3a:0e:60:fd:b0:,-84,5220000,[0],[4]
0,200,0,eduroam,70:3a:0e:5c:e6:90:,-70,5320000,[0],[4]
0,200,0,eduroam,70:3a:0e:61:00:70:,-88,5680000,[0],[4]
0,200,0,eduroam,70:3a:0e:5c:e6:80:,-72,2412000,[0],[4]
0,200,0,eduroam,70:3a:0e:61:00:00:,-69,2412000,[0],[4]
0,200,0,eduroam,70:3a:0e:5c:db:d0:,-80,5805000,[0],[4]
0,200,0,eduroam,70:3a:0e:5c:dc:30:,-82,5620000,[0],[4]
0,200,0,eduroam,70:3a:0e:61:0a:b0:,-81,5280000,[0],[4]
0,200,0,eduroam,70:3a:0e:5c:db:20:,-71,2462000,[0],[4]
0,200,0,eduroam,70:3a:0e:5c:c0:c0:,-65,2462000,[0],[4]
0,200,0,eduroam,70:3a:0e:5c:c0:d0:,-91,5765000,[0],[4]
0,200,0,eduroam,70:3a:0e:60:e8:e0:,-63,2462000,[0],[4]
0,200,0,eduroam,70:3a:0e:61:00:10:,-83,5680000,[0],[4]
0,200,0,eduroam,70:3a:0e:60:e8:f0:,-75,5745000,[0],[4]
0,200,0,eduroam,70:3a:0e:62:77:70:,-74,5560000,[0],[4]
0,200,0,eduroam,70:3a:0e:5c:d0:90:,-83,5520000,[0],[4]
0,200,0,eduroam,70:3a:0e:5c:e0:10:,-92,5320000,[0],[4]
0,200,0,eduroam,70:3a:0e:62:87:10:,-82,5300000,[0],[4]
0,200,0,eduroam,70:3a:0e:5c:db:30:,-89,5240000,[0],[4]
0,200,0,eduroam,70:3a:0e:62:87:00:,-65,2462000,[0],[4]
0,200,0,eduroam,70:3a:0e:62:77:60:,-70,2437000,[0],[4]
0,200,0,eduroam,70:3a:0e:5c:dc:70:,-84,5180000,[0],[4]
0,200,0,eduroam,d0:d3:e0:a7:dc:d0:,-86,5280000,[0],[4]
0,200,0,eduroam,70:3a:0e:61:00:60:,-80,2412000,[0],[4]
0,200,0,eduroam,70:3a:0e:5c:d7:60:,-70,2412000,[0],[4]
0,200,0,eduroam,70:3a:0e:5c:d9:c0:,-74,2462000,[0],[4]
0,200,0,eduroam,70:3a:0e:5c:d7:70:,-63,5560000,[0],[4]
0,200,0,eduroam,70:3a:0e:5c:c6:50:,-91,5200000,[0],[4]
0,200,0,eduroam,70:3a:0e:5c:d9:d0:,-84,5765000,[0],[4]
0,200,0,eduroam,70:3a:0e:5c:db:c0:,-75,2437000,[0],[4]
0,200,0,eduroam,70:3a:0e:5c:df:30:,-72,5220000,[0],[4]
0,200,0,eduroam,70:3a:0e:60:fd:b0:,-84,5220000,[0],[4]
0,200,0,eduroam,70:3a:0e:5c:e6:90:,-70,5320000,[0],[4]
0,200,0,eduroam,70:3a:0e:61:00:70:,-88,5680000,[0],[4]
0,200,0,eduroam,70:3a:0e:5c:e6:80:,-72,2412000,[0],[4]
0,200,0,eduroam,70:3a:0e:61:00:00:,-69,2412000,[0],[4]
0,200,0,eduroam,70:3a:0e:5c:db:d0:,-80,5805000,[0],[4]
0,200,0,eduroam,70:3a:0e:5c:dc:30:,-82,5620000,[0],[4]
0,200,0,eduroam,70:3a:0e:61:0a:b0:,-81,5280000,[0],[4]
0,200,0,eduroam,70:3a:0e:5c:db:20:,-71,2462000,[0],[4]
0,200,0,eduroam,70:3a:0e:5c:c0:c0:,-65,2462000,[0],[4]
0,200,0,eduroam,70:3a:0e:5c:c0:d0:,-91,5765000,[0],[4]
0,200,0,eduroam,70:3a:0e:60:e8:e0:,-63,2462000,[0],[4]
0,200,0,eduroam,70:3a:0e:61:00:10:,-83,5680000,[0],[4]
0,200,0,eduroam,70:3a:0e:60:e8:f0:,-75,5745000,[0],[4]
0,200,0,eduroam,70:3a:0e:62:77:70:,-74,5560000,[0],[4]
0,200,0,eduroam,70:3a:0e:5c:d0:90:,-83,5520000,[0],[4]
0,200,0,eduroam,70:3a:0e:5c:e0:10:,-92,5320000,[0],[4]
0,200,0,eduroam,70:3a:0e:62:87:10:,-82,5300000,[0],[4]
0,200,0,eduroam,70:3a:0e:5c:db:30:,-89,5240000,[0],[4]
0,200,0,eduroam,70:3a:0e:62:87:00:,-65,2462000,[0],[4]
0,200,0,eduroam,70:3a:0e:62:77:60:,-70,2437000,[0],[4]
0,200,0,UofM-IoT,70:3a:0e:5c:dc:72:,-84,5180000,[0],[4]
0,200,0,UofM-IoT,70:3a:0e:5c:d7:62:,-68,2412000,[0],[4]
0,200,0,UofM-IoT,70:3a:0e:5c:d9:c2:,-76,2462000,[0],[4]
0,200,0,UofM-IoT,70:3a:0e:5c:db:c2:,-75,2437000,[0],[4]
0,200,0,UofM-IoT,70:3a:0e:5c:c6:52:,-90,5200000,[0],[4]
0,200,0,UofM-IoT,70:3a:0e:5c:d9:d2:,-84,5765000,[0],[4]
0,200,0,UofM-IoT,d0:d3:e0:a7:dc:d2:,-86,5280000,[0],[4]
0,200,0,UofM-IoT,70:3a:0e:5c:df:32:,-72,5220000,[0],[4]
0,200,0,UofM-IoT,70:3a:0e:60:fd:b2:,-84,5220000,[0],[4]
0,200,0,UofM-IoT,70:3a:0e:5c:e6:92:,-70,5320000,[0],[4]
0,200,0,UofM-IoT,70:3a:0e:5c:db:d2:,-80,5805000,[0],[4]
0,200,0,UofM-IoT,70:3a:0e:61:00:72:,-89,5680000,[0],[4]
0,200,0,UofM-IoT,70:3a:0e:5c:e6:82:,-73,2412000,[0],[4]
0,200,0,UofM-IoT,70:3a:0e:61:00:02:,-69,2412000,[0],[4]
0,200,0,UofM-IoT,70:3a:0e:5c:dc:32:,-83,5620000,[0],[4]
0,200,0,UofM-IoT,70:3a:0e:61:00:a2:,-73,2462000,[0],[4]
0,200,0,UofM-IoT,70:3a:0e:5c:c1:d2:,-90,5660000,[0],[4]
0,200,0,UofM-IoT,70:3a:0e:61:0a:b2:,-80,5280000,[0],[4]
0,200,0,UofM-IoT,70:3a:0e:60:e8:e2:,-63,2462000,[0],[4]
0,200,0,UofM-IoT,70:3a:0e:60:e8:f2:,-75,5745000,[0],[4]
0,200,0,UofM-IoT,70:3a:0e:61:00:12:,-70,5680000,[0],[4]
0,200,0,UofM-IoT,70:3a:0e:62:77:72:,-71,5560000,[0],[4]
0,200,0,UofM-IoT,70:3a:0e:5c:d0:92:,-83,5520000,[0],[4]
0,200,0,UofM-IoT,70:3a:0e:5c:e0:12:,-72,5320000,[0],[4]
0,200,0,UofM-IoT,70:3a:0e:62:87:12:,-81,5300000,[0],[4]
0,200,0,UofM-IoT,70:3a:0e:5c:db:32:,-76,5240000,[0],[4]
0,200,0,UofM-IoT,70:3a:0e:62:87:02:,-71,2462000,[0],[4]
0,200,0,UofM-IoT,70:3a:0e:5c:db:22:,-70,2462000,[0],[4]
0,200,0,UofM-IoT,70:3a:0e:62:77:62:,-58,2437000,[0],[4]
0,200,0,UofM-Guest,70:3a:0e:5c:dc:71:,-85,5180000,[0],[0]
0,200,0,UofM-Guest,70:3a:0e:61:00:61:,-80,2412000,[0],[0]
0,200,0,UofM-Guest,70:3a:0e:5c:d7:61:,-68,2412000,[0],[0]
0,200,0,UofM-Guest,70:3a:0e:5c:d9:c1:,-75,2462000,[0],[0]
0,200,0,UofM-Guest,70:3a:0e:5c:db:c1:,-76,2437000,[0],[0]
0,200,0,UofM-Guest,70:3a:0e:5c:c6:51:,-91,5200000,[0],[0]
0,200,0,UofM-Guest,70:3a:0e:5c:d9:d1:,-84,5765000,[0],[0]
0,200,0,UofM-Guest,d0:d3:e0:a7:dc:d1:,-85,5280000,[0],[0]
0,200,0,UofM-Guest,70:3a:0e:5c:df:31:,-72,5220000,[0],[0]
0,200,0,UofM-Guest,70:3a:0e:60:fd:b1:,-83,5220000,[0],[0]
0,200,0,UofM-Guest,70:3a:0e:5c:e6:91:,-71,5320000,[0],[0]
0,200,0,UofM-Guest,70:3a:0e:61:00:71:,-90,5680000,[0],[0]
0,200,0,UofM-Guest,70:3a:0e:5c:e6:81:,-72,2412000,[0],[0]
0,200,0,UofM-Guest,70:3a:0e:61:00:01:,-69,2412000,[0],[0]
0,200,0,UofM-Guest,70:3a:0e:5c:db:d1:,-80,5805000,[0],[0]
0,200,0,UofM-Guest,70:3a:0e:5c:dc:31:,-82,5620000,[0],[0]
0,200,0,UofM-Guest,70:3a:0e:61:0a:b1:,-80,5280000,[0],[0]
0,200,0,UofM-Guest,70:3a:0e:5c:db:21:,-62,2462000,[0],[0]
0,200,0,UofM-Guest,70:3a:0e:5c:c1:d1:,-91,5660000,[0],[0]
0,200,0,UofM-Guest,70:3a:0e:62:87:01:,-66,2462000,[0],[0]
0,200,0,UofM-Guest,70:3a:0e:60:e8:e1:,-63,2462000,[0],[0]
0,200,0,UofM-Guest,70:3a:0e:60:e8:f1:,-75,5745000,[0],[0]
0,200,0,UofM-Guest,70:3a:0e:61:00:11:,-70,5680000,[0],[0]
0,200,0,UofM-Guest,70:3a:0e:62:77:71:,-73,5560000,[0],[0]
0,200,0,UofM-Guest,70:3a:0e:5c:d0:91:,-83,5520000,[0],[0]
0,200,0,UofM-Guest,70:3a:0e:5c:e0:11:,-72,5320000,[0],[0]
0,200,0,UofM-Guest,70:3a:0e:62:87:11:,-82,5300000,[0],[0]
0,200,0,UofM-Guest,70:3a:0e:5c:db:31:,-89,5240000,[0],[0]
0,200,0,UofM-Guest,70:3a:0e:62:77:61:,-58,2437000,[0],[0]
0,200,0,UofM-Guest,70:3a:0e:5c:e0:01:,-61,2412000,[0],[0]
0,200,0,DIRECT-91-HP M454dw Color LJ,4a:9e:bd:69:6a:91:,-63,2437000,[0],[4]
0,200,5,eduroam,70:3a:0e:5c:df:20:,-68,2462000,[0],[4]
0,200,5,eduroam,70:3a:0e:5c:dc:60:,-72,2462000,[0],[4]
0,200,5,eduroam,70:3a:0e:60:fd:a0:,-75,2437000,[0],[4]
0,200,5,eduroam,70:3a:0e:5c:dc:70:,-84,5180000,[0],[4]
0,200,5,eduroam,d0:d3:e0:a7:dc:d0:,-79,5280000,[0],[4]
0,200,5,eduroam,70:3a:0e:61:00:60:,-80,2412000,[0],[4]
0,200,5,eduroam,70:3a:0e:5c:d7:60:,-65,2412000,[0],[4]
0,200,5,eduroam,70:3a:0e:5c:d9:c0:,-74,2462000,[0],[4]
0,200,5,eduroam,70:3a:0e:5c:d7:70:,-65,5560000,[0],[4]
0,200,5,eduroam,70:3a:0e:5c:c6:50:,-91,5200000,[0],[4]
0,200,5,eduroam,70:3a:0e:5c:d9:d0:,-83,5765000,[0],[4]
0,200,5,eduroam,70:3a:0e:5c:db:c0:,-75,2437000,[0],[4]
0,200,5,eduroam,70:3a:0e:5c:df:30:,-78,5220000,[0],[4]
0,200,5,eduroam,70:3a:0e:60:fd:b0:,-84,5220000,[0],[4]
0,200,5,eduroam,70:3a:0e:5c:e6:90:,-69,5320000,[0],[4]
0,200,5,eduroam,70:3a:0e:61:00:70:,-86,5680000,[0],[4]
0,200,5,eduroam,70:3a:0e:5c:e6:80:,-64,2412000,[0],[4]
0,200,5,eduroam,70:3a:0e:61:00:00:,-69,2412000,[0],[4]
0,200,5,eduroam,70:3a:0e:5c:db:d0:,-78,5805000,[0],[4]
0,200,5,eduroam,70:3a:0e:5c:dc:30:,-82,5620000,[0],[4]
0,200,5,eduroam,70:3a:0e:61:0a:b0:,-81,5280000,[0],[4]
0,200,5,eduroam,70:3a:0e:5c:db:20:,-71,2462000,[0],[4]
0,200,5,eduroam,70:3a:0e:5c:c0:c0:,-65,2462000,[0],[4]
0,200,5,eduroam,70:3a:0e:5c:c0:d0:,-91,5765000,[0],[4]
0,200,5,eduroam,70:3a:0e:60:e8:e0:,-63,2462000,[0],[4]
0,200,5,eduroam,70:3a:0e:61:00:10:,-83,5680000,[0],[4]
0,200,5,eduroam,70:3a:0e:60:e8:f0:,-75,5745000,[0],[4]
0,200,5,eduroam,70:3a:0e:62:77:70:,-74,5560000,[0],[4]
0,200,5,eduroam,70:3a:0e:5c:d0:90:,-86,5520000,[0],[4]
0,200,5,eduroam,70:3a:0e:5c:e0:10:,-92,5320000,[0],[4]
0,200,5,eduroam,70:3a:0e:62:87:10:,-82,5300000,[0],[4]
0,200,5,eduroam,70:3a:0e:5c:db:30:,-86,5240000,[0],[4]
0,200,5,eduroam,70:3a:0e:62:87:00:,-65,2462000,[0],[4]
0,200,5,eduroam,70:3a:0e:62:77:60:,-70,2437000,[0],[4]
0,200,5,UofM-Guest,70:3a:0e:5c:df:21:,-68,2462000,[0],[0]
0,200,5,UofM-Guest,70:3a:0e:5c:dc:61:,-72,2462000,[0],[0]
0,200,5,UofM-Guest,70:3a:0e:5c:dc:71:,-85,5180000,[0],[0]
0,200,5,UofM-Guest,70:3a:0e:61:00:61:,-80,2412000,[0],[0]
0,200,5,UofM-Guest,70:3a:0e:5c:d7:61:,-64,2412000,[0],[0]
0,200,5,UofM-Guest,70:3a:0e:5c:d9:c1:,-72,2462000,[0],[0]
0,200,5,UofM-Guest,70:3a:0e:5c:db:c1:,-76,2437000,[0],[0]
0,200,5,UofM-Guest,70:3a:0e:5c:c6:51:,-91,5200000,[0],[0]
0,200,5,UofM-Guest,70:3a:0e:5c:d9:d1:,-84,5765000,[0],[0]
0,200,5,UofM-Guest,d0:d3:e0:a7:dc:d1:,-79,5280000,[0],[0]
0,200,5,UofM-Guest,70:3a:0e:5c:df:31:,-79,5220000,[0],[0]
0,200,5,UofM-Guest,70:3a:0e:60:fd:b1:,-84,5220000,[0],[0]
0,200,5,UofM-Guest,70:3a:0e:5c:e6:91:,-69,5320000,[0],[0]
0,200,5,UofM-Guest,70:3a:0e:61:00:71:,-90,5680000,[0],[0]
0,200,5,UofM-Guest,70:3a:0e:5c:e6:81:,-65,2412000,[0],[0]
0,200,5,UofM-Guest,70:3a:0e:61:00:01:,-69,2412000,[0],[0]
0,200,5,UofM-Guest,70:3a:0e:5c:db:d1:,-78,5805000,[0],[0]
0,200,5,UofM-Guest,70:3a:0e:5c:dc:31:,-82,5620000,[0],[0]
0,200,5,UofM-Guest,70:3a:0e:61:0a:b1:,-80,5280000,[0],[0]
0,200,5,UofM-Guest,70:3a:0e:5c:db:21:,-62,2462000,[0],[0]
0,200,5,UofM-Guest,70:3a:0e:5c:c1:d1:,-91,5660000,[0],[0]
0,200,5,UofM-Guest,70:3a:0e:62:87:01:,-66,2462000,[0],[0]
0,200,5,UofM-Guest,70:3a:0e:60:e8:e1:,-63,2462000,[0],[0]
0,200,5,UofM-Guest,70:3a:0e:60:e8:f1:,-75,5745000,[0],[0]
0,200,5,UofM-Guest,70:3a:0e:61:00:11:,-70,5680000,[0],[0]
0,200,5,UofM-Guest,70:3a:0e:62:77:71:,-73,5560000,[0],[0]
0,200,5,UofM-Guest,70:3a:0e:5c:d0:91:,-87,5520000,[0],[0]
0,200,5,UofM-Guest,70:3a:0e:5c:e0:11:,-72,5320000,[0],[0]
0,200,5,UofM-Guest,70:3a:0e:62:87:11:,-82,5300000,[0],[0]
0,200,5,UofM-Guest,70:3a:0e:5c:db:31:,-87,5240000,[0],[0]
0,200,5,UofM-Guest,70:3a:0e:62:77:61:,-58,2437000,[0],[0]
0,200,5,UofM-Guest,70:3a:0e:5c:e0:01:,-61,2412000,[0],[0]
0,200,5,eduroam,70:3a:0e:5c:df:20:,-68,2462000,[0],[4]
0,200,5,eduroam,70:3a:0e:5c:dc:60:,-72,2462000,[0],[4]
0,200,5,eduroam,70:3a:0e:60:fd:a0:,-75,2437000,[0],[4]
0,200,5,eduroam,70:3a:0e:5c:dc:70:,-84,5180000,[0],[4]
0,200,5,eduroam,d0:d3:e0:a7:dc:d0:,-79,5280000,[0],[4]
0,200,5,eduroam,70:3a:0e:61:00:60:,-80,2412000,[0],[4]
0,200,5,eduroam,70:3a:0e:5c:d7:60:,-65,2412000,[0],[4]
0,200,5,eduroam,70:3a:0e:5c:d9:c0:,-74,2462000,[0],[4]
0,200,5,eduroam,70:3a:0e:5c:d7:70:,-65,5560000,[0],[4]
0,200,5,eduroam,70:3a:0e:5c:c6:50:,-91,5200000,[0],[4]
0,200,5,eduroam,70:3a:0e:5c:d9:d0:,-83,5765000,[0],[4]
0,200,5,eduroam,70:3a:0e:5c:db:c0:,-75,2437000,[0],[4]
0,200,5,eduroam,70:3a:0e:5c:df:30:,-78,5220000,[0],[4]
0,200,5,eduroam,70:3a:0e:60:fd:b0:,-84,5220000,[0],[4]
0,200,5,eduroam,70:3a:0e:5c:e6:90:,-69,5320000,[0],[4]
0,200,5,eduroam,70:3a:0e:61:00:70:,-86,5680000,[0],[4]
0,200,5,eduroam,70:3a:0e:5c:e6:80:,-64,2412000,[0],[4]
0,200,5,eduroam,70:3a:0e:61:00:00:,-69,2412000,[0],[4]
0,200,5,eduroam,70:3a:0e:5c:db:d0:,-78,5805000,[0],[4]
0,200,5,eduroam,70:3a:0e:5c:dc:30:,-82,5620000,[0],[4]
0,200,5,eduroam,70:3a:0e:61:0a:b0:,-81,5280000,[0],[4]
0,200,5,eduroam,70:3a:0e:5c:db:20:,-71,2462000,[0],[4]
0,200,5,eduroam,70:3a:0e:5c:c0:c0:,-65,2462000,[0],[4]
0,200,5,eduroam,70:3a:0e:5c:c0:d0:,-91,5765000,[0],[4]
0,200,5,eduroam,70:3a:0e:60:e8:e0:,-63,2462000,[0],[4]
0,200,5,eduroam,70:3a:0e:61:00:10:,-83,5680000,[0],[4]
0,200,5,eduroam,70:3a:0e:60:e8:f0:,-75,5745000,[0],[4]
0,200,5,eduroam,70:3a:0e:62:77:70:,-74,5560000,[0],[4]
0,200,5,eduroam,70:3a:0e:5c:d0:90:,-86,5520000,[0],[4]
0,200,5,eduroam,70:3a:0e:5c:e0:10:,-92,5320000,[0],[4]
0,200,5,eduroam,70:3a:0e:62:87:10:,-82,5300000,[0],[4]
0,200,5,eduroam,70:3a:0e:5c:db:30:,-86,5240000,[0],[4]
0,200,5,eduroam,70:3a:0e:62:87:00:,-65,2462000,[0],[4]
0,200,5,eduroam,70:3a:0e:62:77:60:,-70,2437000,[0],[4]
0,200,5,UofM-IoT,70:3a:0e:5c:df:22:,-68,2462000,[0],[4]
0,200,5,UofM-IoT,70:3a:0e:5c:dc:72:,-84,5180000,[0],[4]
0,200,5,UofM-IoT,70:3a:0e:5c:d7:62:,-64,2412000,[0],[4]
0,200,5,UofM-IoT,70:3a:0e:5c:d9:c2:,-76,2462000,[0],[4]
0,200,5,UofM-IoT,70:3a:0e:5c:db:c2:,-75,2437000,[0],[4]
0,200,5,UofM-IoT,70:3a:0e:5c:c6:52:,-90,5200000,[0],[4]
0,200,5,UofM-IoT,70:3a:0e:5c:d9:d2:,-84,5765000,[0],[4]
0,200,5,UofM-IoT,d0:d3:e0:a7:dc:d2:,-79,5280000,[0],[4]
0,200,5,UofM-IoT,70:3a:0e:5c:df:32:,-78,5220000,[0],[4]
0,200,5,UofM-IoT,70:3a:0e:60:fd:b2:,-83,5220000,[0],[4]
0,200,5,UofM-IoT,70:3a:0e:5c:e6:92:,-69,5320000,[0],[4]
0,200,5,UofM-IoT,70:3a:0e:5c:db:d2:,-78,5805000,[0],[4]
0,200,5,UofM-IoT,70:3a:0e:61:00:72:,-87,5680000,[0],[4]
0,200,5,UofM-IoT,70:3a:0e:5c:e6:82:,-65,2412000,[0],[4]
0,200,5,UofM-IoT,70:3a:0e:61:00:02:,-69,2412000,[0],[4]
0,200,5,UofM-IoT,70:3a:0e:5c:dc:32:,-83,5620000,[0],[4]
0,200,5,UofM-IoT,70:3a:0e:61:00:a2:,-73,2462000,[0],[4]
0,200,5,UofM-IoT,70:3a:0e:5c:c1:d2:,-90,5660000,[0],[4]
0,200,5,UofM-IoT,70:3a:0e:61:0a:b2:,-80,5280000,[0],[4]
0,200,5,UofM-IoT,70:3a:0e:60:e8:e2:,-63,2462000,[0],[4]
0,200,5,UofM-IoT,70:3a:0e:60:e8:f2:,-75,5745000,[0],[4]
0,200,5,UofM-IoT,70:3a:0e:61:00:12:,-70,5680000,[0],[4]
0,200,5,UofM-IoT,70:3a:0e:62:77:72:,-71,5560000,[0],[4]
0,200,5,UofM-IoT,70:3a:0e:5c:d0:92:,-87,5520000,[0],[4]
0,200,5,UofM-IoT,70:3a:0e:5c:e0:12:,-72,5320000,[0],[4]
0,200,5,UofM-IoT,70:3a:0e:62:87:12:,-81,5300000,[0],[4]
0,200,5,UofM-IoT,70:3a:0e:5c:db:32:,-86,5240000,[0],[4]
0,200,5,UofM-IoT,70:3a:0e:5c:db:22:,-70,2462000,[0],[4]
0,200,5,UofM-IoT,70:3a:0e:62:77:62:,-58,2437000,[0],[4]
0,200,5,DIRECT-91-HP M454dw Color LJ,4a:9e:bd:69:6a:91:,-72,2437000,[0],[4]
0,250,0,eduroam,d0:d3:e0:a7:dc:c0:,-74,2462000,[0],[4]
0,250,0,eduroam,70:3a:0e:5c:df:20:,-74,2462000,[0],[4]
0,250,0,eduroam,70:3a:0e:5c:dc:60:,-72,2462000,[0],[4]
0,250,0,eduroam,70:3a:0e:60:fd:a0:,-75,2437000,[0],[4]
0,250,0,eduroam,70:3a:0e:5c:dc:70:,-85,5180000,[0],[4]
0,250,0,eduroam,d0:d3:e0:a7:dc:d0:,-78,5280000,[0],[4]
0,250,0,eduroam,70:3a:0e:61:00:60:,-80,2412000,[0],[4]
0,250,0,eduroam,70:3a:0e:5c:d7:60:,-67,2412000,[0],[4]
0,250,0,eduroam,70:3a:0e:5c:d9:c0:,-74,2462000,[0],[4]
0,250,0,eduroam,70:3a:0e:5c:d7:70:,-80,5560000,[0],[4]
0,250,0,eduroam,70:3a:0e:5c:c6:50:,-91,5200000,[0],[4]
0,250,0,eduroam,70:3a:0e:5c:d9:d0:,-86,5765000,[0],[4]
0,250,0,eduroam,70:3a:0e:5c:db:c0:,-77,2437000,[0],[4]
0,250,0,eduroam,70:3a:0e:5c:df:30:,-78,5220000,[0],[4]
0,250,0,eduroam,70:3a:0e:60:fd:b0:,-88,5220000,[0],[4]
0,250,0,eduroam,70:3a:0e:5c:e6:90:,-84,5320000,[0],[4]
0,250,0,eduroam,70:3a:0e:61:00:70:,-83,5680000,[0],[4]
0,250,0,eduroam,70:3a:0e:5c:e6:80:,-75,2412000,[0],[4]
0,250,0,eduroam,70:3a:0e:61:00:00:,-69,2412000,[0],[4]
0,250,0,eduroam,70:3a:0e:5c:db:d0:,-84,5805000,[0],[4]
0,250,0,eduroam,70:3a:0e:5c:dc:30:,-82,5620000,[0],[4]
0,250,0,eduroam,70:3a:0e:61:0a:b0:,-81,5280000,[0],[4]
0,250,0,eduroam,70:3a:0e:5c:db:20:,-71,2462000,[0],[4]
0,250,0,eduroam,70:3a:0e:5c:c0:d0:,-91,5765000,[0],[4]
0,250,0,eduroam,70:3a:0e:61:00:10:,-83,5680000,[0],[4]
0,250,0,eduroam,70:3a:0e:60:e8:f0:,-75,5745000,[0],[4]
0,250,0,eduroam,70:3a:0e:62:77:70:,-73,5560000,[0],[4]
0,250,0,eduroam,70:3a:0e:5c:d0:90:,-83,5520000,[0],[4]
0,250,0,eduroam,70:3a:0e:5c:e0:10:,-92,5320000,[0],[4]
0,250,0,eduroam,70:3a:0e:62:87:10:,-82,5300000,[0],[4]
0,250,0,eduroam,70:3a:0e:5c:db:30:,-80,5240000,[0],[4]
0,250,0,eduroam,70:3a:0e:62:77:60:,-76,2437000,[0],[4]
0,250,0,UofM-IoT,70:3a:0e:5c:d7:72:,-80,5560000,[0],[4]
0,250,0,UofM-IoT,d0:d3:e0:a7:dc:c2:,-75,2462000,[0],[4]
0,250,0,UofM-IoT,70:3a:0e:5c:df:22:,-68,2462000,[0],[4]
0,250,0,UofM-IoT,70:3a:0e:5c:dc:72:,-85,5180000,[0],[4]
0,250,0,UofM-IoT,70:3a:0e:5c:d7:62:,-68,2412000,[0],[4]
0,250,0,UofM-IoT,70:3a:0e:5c:d9:c2:,-76,2462000,[0],[4]
0,250,0,UofM-IoT,70:3a:0e:5c:db:c2:,-78,2437000,[0],[4]
0,250,0,UofM-IoT,70:3a:0e:5c:c6:52:,-90,5200000,[0],[4]
0,250,0,UofM-IoT,70:3a:0e:5c:d9:d2:,-86,5765000,[0],[4]
0,250,0,UofM-IoT,d0:d3:e0:a7:dc:d2:,-79,5280000,[0],[4]
0,250,0,UofM-IoT,70:3a:0e:5c:df:32:,-81,5220000,[0],[4]
0,250,0,UofM-IoT,70:3a:0e:60:fd:b2:,-83,5220000,[0],[4]
0,250,0,UofM-IoT,70:3a:0e:5c:e6:92:,-84,5320000,[0],[4]
0,250,0,UofM-IoT,70:3a:0e:5c:db:d2:,-84,5805000,[0],[4]
0,250,0,UofM-IoT,70:3a:0e:61:00:72:,-82,5680000,[0],[4]
0,250,0,UofM-IoT,70:3a:0e:5c:e6:82:,-65,2412000,[0],[4]
0,250,0,UofM-IoT,70:3a:0e:61:00:02:,-69,2412000,[0],[4]
0,250,0,UofM-IoT,70:3a:0e:5c:dc:32:,-83,5620000,[0],[4]
0,250,0,UofM-IoT,70:3a:0e:61:00:a2:,-73,2462000,[0],[4]
0,250,0,UofM-IoT,70:3a:0e:61:0a:b2:,-80,5280000,[0],[4]
0,250,0,UofM-IoT,70:3a:0e:60:e8:f2:,-75,5745000,[0],[4]
0,250,0,UofM-IoT,70:3a:0e:61:00:12:,-70,5680000,[0],[4]
0,250,0,UofM-IoT,70:3a:0e:62:77:72:,-73,5560000,[0],[4]
0,250,0,UofM-IoT,70:3a:0e:5c:d0:92:,-87,5520000,[0],[4]
0,250,0,UofM-IoT,70:3a:0e:5c:e0:12:,-72,5320000,[0],[4]
0,250,0,UofM-IoT,70:3a:0e:62:87:12:,-81,5300000,[0],[4]
0,250,0,UofM-IoT,70:3a:0e:5c:db:32:,-86,5240000,[0],[4]
0,250,0,UofM-IoT,70:3a:0e:5c:db:22:,-70,2462000,[0],[4]
0,250,0,UofM-IoT,70:3a:0e:62:77:62:,-75,2437000,[0],[4]
0,250,0,UofM-Guest,70:3a:0e:5c:d7:71:,-80,5560000,[0],[0]
0,250,0,UofM-Guest,70:3a:0e:5c:df:21:,-68,2462000,[0],[0]
0,250,0,UofM-Guest,70:3a:0e:5c:dc:61:,-72,2462000,[0],[0]
0,250,0,UofM-Guest,70:3a:0e:5c:dc:71:,-85,5180000,[0],[0]
0,250,0,UofM-Guest,70:3a:0e:61:00:61:,-80,2412000,[0],[0]
0,250,0,UofM-Guest,70:3a:0e:5c:d7:61:,-68,2412000,[0],[0]
0,250,0,UofM-Guest,70:3a:0e:5c:d9:c1:,-72,2462000,[0],[0]
0,250,0,UofM-Guest,70:3a:0e:5c:db:c1:,-76,2437000,[0],[0]
0,250,0,UofM-Guest,70:3a:0e:5c:c6:51:,-91,5200000,[0],[0]
0,250,0,UofM-Guest,70:3a:0e:5c:d9:d1:,-86,5765000,[0],[0]
0,250,0,UofM-Guest,d0:d3:e0:a7:dc:d1:,-79,5280000,[0],[0]
0,250,0,UofM-Guest,70:3a:0e:5c:df:31:,-81,5220000,[0],[0]
0,250,0,UofM-Guest,70:3a:0e:60:fd:b1:,-84,5220000,[0],[0]
0,250,0,UofM-Guest,70:3a:0e:5c:e6:91:,-84,5320000,[0],[0]
0,250,0,UofM-Guest,70:3a:0e:61:00:71:,-82,5680000,[0],[0]
0,250,0,UofM-Guest,70:3a:0e:5c:e6:81:,-65,2412000,[0],[0]
0,250,0,UofM-Guest,70:3a:0e:61:00:01:,-69,2412000,[0],[0]
0,250,0,UofM-Guest,70:3a:0e:5c:db:d1:,-84,5805000,[0],[0]
0,250,0,UofM-Guest,70:3a:0e:5c:dc:31:,-82,5620000,[0],[0]
0,250,0,UofM-Guest,70:3a:0e:61:0a:b1:,-80,5280000,[0],[0]
0,250,0,UofM-Guest,70:3a:0e:5c:db:21:,-62,2462000,[0],[0]
0,250,0,UofM-Guest,70:3a:0e:60:e8:f1:,-75,5745000,[0],[0]
0,250,0,UofM-Guest,70:3a:0e:61:00:11:,-70,5680000,[0],[0]
0,250,0,UofM-Guest,70:3a:0e:62:77:71:,-73,5560000,[0],[0]
0,250,0,UofM-Guest,70:3a:0e:5c:d0:91:,-87,5520000,[0],[0]
0,250,0,UofM-Guest,70:3a:0e:5c:e0:11:,-72,5320000,[0],[0]
0,250,0,UofM-Guest,70:3a:0e:62:87:11:,-82,5300000,[0],[0]
0,250,0,UofM-Guest,70:3a:0e:5c:db:31:,-87,5240000,[0],[0]
0,250,0,UofM-Guest,70:3a:0e:5c:e0:01:,-61,2412000,[0],[0]
0,250,0,eduroam,d0:d3:e0:a7:dc:c0:,-74,2462000,[0],[4]
0,250,0,eduroam,70:3a:0e:5c:df:20:,-74,2462000,[0],[4]
0,250,0,eduroam,70:3a:0e:5c:dc:60:,-72,2462000,[0],[4]
0,250,0,eduroam,70:3a:0e:60:fd:a0:,-75,2437000,[0],[4]
0,250,0,eduroam,70:3a:0e:5c:dc:70:,-85,5180000,[0],[4]
0,250,0,eduroam,d0:d3:e0:a7:dc:d0:,-78,5280000,[0],[4]
0,250,0,eduroam,70:3a:0e:61:00:60:,-80,2412000,[0],[4]
0,250,0,eduroam,70:3a:0e:5c:d7:60:,-67,2412000,[0],[4]
0,250,0,eduroam,70:3a:0e:5c:d9:c0:,-74,2462000,[0],[4]
0,250,0,eduroam,70:3a:0e:5c:d7:70:,-80,5560000,[0],[4]
0,250,0,eduroam,70:3a:0e:5c:c6:50:,-91,5200000,[0],[4]
0,250,0,eduroam,70:3a:0e:5c:d9:d0:,-86,5765000,[0],[4]
0,250,0,eduroam,70:3a:0e:5c:db:c0:,-77,2437000,[0],[4]
0,250,0,eduroam,70:3a:0e:5c:df:30:,-78,5220000,[0],[4]
0,250,0,eduroam,70:3a:0e:60:fd:b0:,-88,5220000,[0],[4]
0,250,0,eduroam,70:3a:0e:5c:e6:90:,-84,5320000,[0],[4]
0,250,0,eduroam,70:3a:0e:61:00:70:,-83,5680000,[0],[4]
0,250,0,eduroam,70:3a:0e:5c:e6:80:,-75,2412000,[0],[4]
0,250,0,eduroam,70:3a:0e:61:00:00:,-69,2412000,[0],[4]
0,250,0,eduroam,70:3a:0e:5c:db:d0:,-84,5805000,[0],[4]
0,250,0,eduroam,70:3a:0e:5c:dc:30:,-82,5620000,[0],[4]
0,250,0,eduroam,70:3a:0e:61:0a:b0:,-81,5280000,[0],[4]
0,250,0,eduroam,70:3a:0e:5c:db:20:,-71,2462000,[0],[4]
0,250,0,eduroam,70:3a:0e:5c:c0:d0:,-91,5765000,[0],[4]
0,250,0,eduroam,70:3a:0e:61:00:10:,-83,5680000,[0],[4]
0,250,0,eduroam,70:3a:0e:60:e8:f0:,-75,5745000,[0],[4]
0,250,0,eduroam,70:3a:0e:62:77:70:,-73,5560000,[0],[4]
0,250,0,eduroam,70:3a:0e:5c:d0:90:,-83,5520000,[0],[4]
0,250,0,eduroam,70:3a:0e:5c:e0:10:,-92,5320000,[0],[4]
0,250,0,eduroam,70:3a:0e:62:87:10:,-82,5300000,[0],[4]
0,250,0,eduroam,70:3a:0e:5c:db:30:,-80,5240000,[0],[4]
0,250,0,eduroam,70:3a:0e:62:77:60:,-76,2437000,[0],[4]
0,250,0,DIRECT-91-HP M454dw Color LJ,4a:9e:bd:69:6a:91:,-72,2437000,[0],[4]
0,250,5,eduroam,d0:d3:e0:a7:dc:c0:,-68,2462000,[0],[4]
0,250,5,eduroam,70:3a:0e:5c:df:20:,-74,2462000,[0],[4]
0,250,5,eduroam,70:3a:0e:5c:dc:60:,-72,2462000,[0],[4]
0,250,5,eduroam,70:3a:0e:60:fd:a0:,-75,2437000,[0],[4]
0,250,5,eduroam,70:3a:0e:5c:dc:70:,-85,5180000,[0],[4]
0,250,5,eduroam,d0:d3:e0:a7:dc:d0:,-81,5280000,[0],[4]
0,250,5,eduroam,70:3a:0e:61:00:60:,-80,2412000,[0],[4]
0,250,5,eduroam,70:3a:0e:5c:d7:60:,-75,2412000,[0],[4]
0,250,5,eduroam,70:3a:0e:5c:d9:c0:,-74,2462000,[0],[4]
0,250,5,eduroam,70:3a:0e:5c:d7:70:,-74,5560000,[0],[4]
0,250,5,eduroam,70:3a:0e:5c:c6:50:,-91,5200000,[0],[4]
0,250,5,eduroam,70:3a:0e:5c:d9:d0:,-86,5765000,[0],[4]
0,250,5,eduroam,70:3a:0e:5c:db:c0:,-77,2437000,[0],[4]
0,250,5,eduroam,70:3a:0e:5c:df:30:,-77,5220000,[0],[4]
0,250,5,eduroam,70:3a:0e:60:fd:b0:,-88,5220000,[0],[4]
0,250,5,eduroam,70:3a:0e:5c:e6:90:,-87,5320000,[0],[4]
0,250,5,eduroam,70:3a:0e:61:00:70:,-83,5680000,[0],[4]
0,250,5,eduroam,70:3a:0e:5c:e6:80:,-75,2412000,[0],[4]
0,250,5,eduroam,70:3a:0e:61:00:00:,-69,2412000,[0],[4]
0,250,5,eduroam,70:3a:0e:5c:db:d0:,-85,5805000,[0],[4]
0,250,5,eduroam,70:3a:0e:5c:dc:30:,-82,5620000,[0],[4]
0,250,5,eduroam,70:3a:0e:61:0a:b0:,-81,5280000,[0],[4]
0,250,5,eduroam,70:3a:0e:5c:db:20:,-71,2462000,[0],[4]
0,250,5,eduroam,70:3a:0e:5c:c0:d0:,-91,5765000,[0],[4]
0,250,5,eduroam,70:3a:0e:61:00:10:,-83,5680000,[0],[4]
0,250,5,eduroam,70:3a:0e:60:e8:f0:,-75,5745000,[0],[4]
0,250,5,eduroam,70:3a:0e:62:77:70:,-76,5560000,[0],[4]
0,250,5,eduroam,70:3a:0e:5c:d0:90:,-83,5520000,[0],[4]
0,250,5,eduroam,70:3a:0e:5c:e0:10:,-92,5320000,[0],[4]
0,250,5,eduroam,70:3a:0e:62:87:10:,-82,5300000,[0],[4]
0,250,5,eduroam,70:3a:0e:5c:db:30:,-80,5240000,[0],[4]
0,250,5,eduroam,70:3a:0e:62:77:60:,-76,2437000,[0],[4]
0,250,5,UofM-Guest,d0:d3:e0:a7:dc:c1:,-69,2462000,[0],[0]
0,250,5,UofM-Guest,70:3a:0e:5c:d7:71:,-73,5560000,[0],[0]
0,250,5,UofM-Guest,70:3a:0e:5c:df:21:,-68,2462000,[0],[0]
0,250,5,UofM-Guest,70:3a:0e:5c:dc:61:,-72,2462000,[0],[0]
0,250,5,UofM-Guest,70:3a:0e:5c:dc:71:,-85,5180000,[0],[0]
0,250,5,UofM-Guest,70:3a:0e:61:00:61:,-80,2412000,[0],[0]
0,250,5,UofM-Guest,70:3a:0e:5c:d7:61:,-76,2412000,[0],[0]
0,250,5,UofM-Guest,70:3a:0e:5c:d9:c1:,-72,2462000,[0],[0]
0,250,5,UofM-Guest,70:3a:0e:5c:db:c1:,-76,2437000,[0],[0]
0,250,5,UofM-Guest,70:3a:0e:5c:c6:51:,-91,5200000,[0],[0]
0,250,5,UofM-Guest,70:3a:0e:5c:d9:d1:,-86,5765000,[0],[0]
0,250,5,UofM-Guest,d0:d3:e0:a7:dc:d1:,-81,5280000,[0],[0]
0,250,5,UofM-Guest,70:3a:0e:5c:df:31:,-76,5220000,[0],[0]
0,250,5,UofM-Guest,70:3a:0e:60:fd:b1:,-84,5220000,[0],[0]
0,250,5,UofM-Guest,70:3a:0e:5c:e6:91:,-88,5320000,[0],[0]
0,250,5,UofM-Guest,70:3a:0e:61:00:71:,-82,5680000,[0],[0]
0,250,5,UofM-Guest,70:3a:0e:5c:e6:81:,-65,2412000,[0],[0]
0,250,5,UofM-Guest,70:3a:0e:61:00:01:,-69,2412000,[0],[0]
0,250,5,UofM-Guest,70:3a:0e:5c:db:d1:,-85,5805000,[0],[0]
0,250,5,UofM-Guest,70:3a:0e:5c:dc:31:,-82,5620000,[0],[0]
0,250,5,UofM-Guest,70:3a:0e:61:0a:b1:,-80,5280000,[0],[0]
0,250,5,UofM-Guest,70:3a:0e:5c:db:21:,-62,2462000,[0],[0]
0,250,5,UofM-Guest,70:3a:0e:60:e8:f1:,-75,5745000,[0],[0]
0,250,5,UofM-Guest,70:3a:0e:61:00:11:,-70,5680000,[0],[0]
0,250,5,UofM-Guest,70:3a:0e:62:77:71:,-76,5560000,[0],[0]
0,250,5,UofM-Guest,70:3a:0e:5c:d0:91:,-87,5520000,[0],[0]
0,250,5,UofM-Guest,70:3a:0e:62:87:11:,-82,5300000,[0],[0]
0,250,5,UofM-Guest,70:3a:0e:5c:db:31:,-87,5240000,[0],[0]
0,250,5,UofM-IoT,70:3a:0e:5c:d7:72:,-73,5560000,[0],[4]
0,250,5,UofM-IoT,d0:d3:e0:a7:dc:c2:,-69,2462000,[0],[4]
0,250,5,UofM-IoT,70:3a:0e:5c:df:22:,-68,2462000,[0],[4]
0,250,5,UofM-IoT,70:3a:0e:5c:dc:72:,-92,5180000,[0],[4]
0,250,5,UofM-IoT,70:3a:0e:5c:d7:62:,-68,2412000,[0],[4]
0,250,5,UofM-IoT,70:3a:0e:5c:d9:c2:,-76,2462000,[0],[4]
0,250,5,UofM-IoT,70:3a:0e:5c:db:c2:,-78,2437000,[0],[4]
0,250,5,UofM-IoT,70:3a:0e:5c:c6:52:,-90,5200000,[0],[4]
0,250,5,UofM-IoT,70:3a:0e:5c:d9:d2:,-86,5765000,[0],[4]
0,250,5,UofM-IoT,d0:d3:e0:a7:dc:d2:,-82,5280000,[0],[4]
0,250,5,UofM-IoT,70:3a:0e:5c:df:32:,-76,5220000,[0],[4]
0,250,5,UofM-IoT,70:3a:0e:60:fd:b2:,-83,5220000,[0],[4]
0,250,5,UofM-IoT,70:3a:0e:5c:e6:92:,-87,5320000,[0],[4]
0,250,5,UofM-IoT,70:3a:0e:5c:db:d2:,-85,5805000,[0],[4]
0,250,5,UofM-IoT,70:3a:0e:61:00:72:,-82,5680000,[0],[4]
0,250,5,UofM-IoT,70:3a:0e:5c:e6:82:,-65,2412000,[0],[4]
0,250,5,UofM-IoT,70:3a:0e:61:00:02:,-69,2412000,[0],[4]
0,250,5,UofM-IoT,70:3a:0e:5c:dc:32:,-83,5620000,[0],[4]
0,250,5,UofM-IoT,70:3a:0e:61:0a:b2:,-80,5280000,[0],[4]
0,250,5,UofM-IoT,70:3a:0e:60:e8:f2:,-75,5745000,[0],[4]
0,250,5,UofM-IoT,70:3a:0e:61:00:12:,-70,5680000,[0],[4]
0,250,5,UofM-IoT,70:3a:0e:62:77:72:,-75,5560000,[0],[4]
0,250,5,UofM-IoT,70:3a:0e:5c:d0:92:,-87,5520000,[0],[4]
0,250,5,UofM-IoT,70:3a:0e:62:87:12:,-81,5300000,[0],[4]
0,250,5,UofM-IoT,70:3a:0e:5c:db:32:,-86,5240000,[0],[4]
0,250,5,UofM-IoT,70:3a:0e:5c:db:22:,-70,2462000,[0],[4]
0,250,5,UofM-IoT,70:3a:0e:62:77:62:,-75,2437000,[0],[4]
0,250,5,eduroam,d0:d3:e0:a7:dc:c0:,-68,2462000,[0],[4]
0,250,5,eduroam,70:3a:0e:5c:df:20:,-74,2462000,[0],[4]
0,250,5,eduroam,70:3a:0e:5c:dc:60:,-72,2462000,[0],[4]
0,250,5,eduroam,70:3a:0e:60:fd:a0:,-75,2437000,[0],[4]
0,250,5,eduroam,70:3a:0e:5c:dc:70:,-85,5180000,[0],[4]
0,250,5,eduroam,d0:d3:e0:a7:dc:d0:,-81,5280000,[0],[4]
0,250,5,eduroam,70:3a:0e:61:00:60:,-80,2412000,[0],[4]
0,250,5,eduroam,70:3a:0e:5c:d7:60:,-75,2412000,[0],[4]
0,250,5,eduroam,70:3a:0e:5c:d9:c0:,-74,2462000,[0],[4]
0,250,5,eduroam,70:3a:0e:5c:d7:70:,-74,5560000,[0],[4]
0,250,5,eduroam,70:3a:0e:5c:c6:50:,-91,5200000,[0],[4]
0,250,5,eduroam,70:3a:0e:5c:d9:d0:,-86,5765000,[0],[4]
0,250,5,eduroam,70:3a:0e:5c:db:c0:,-77,2437000,[0],[4]
0,250,5,eduroam,70:3a:0e:5c:df:30:,-77,5220000,[0],[4]
0,250,5,eduroam,70:3a:0e:60:fd:b0:,-88,5220000,[0],[4]
0,250,5,eduroam,70:3a:0e:5c:e6:90:,-87,5320000,[0],[4]
0,250,5,eduroam,70:3a:0e:61:00:70:,-83,5680000,[0],[4]
0,250,5,eduroam,70:3a:0e:5c:e6:80:,-75,2412000,[0],[4]
0,250,5,eduroam,70:3a:0e:61:00:00:,-69,2412000,[0],[4]
0,250,5,eduroam,70:3a:0e:5c:db:d0:,-85,5805000,[0],[4]
0,250,5,eduroam,70:3a:0e:5c:dc:30:,-82,5620000,[0],[4]
0,250,5,eduroam,70:3a:0e:61:0a:b0:,-81,5280000,[0],[4]
0,250,5,eduroam,70:3a:0e:5c:db:20:,-71,2462000,[0],[4]
0,250,5,eduroam,70:3a:0e:5c:c0:d0:,-91,5765000,[0],[4]
0,250,5,eduroam,70:3a:0e:61:00:10:,-83,5680000,[0],[4]
0,250,5,eduroam,70:3a:0e:60:e8:f0:,-75,5745000,[0],[4]
0,250,5,eduroam,70:3a:0e:62:77:70:,-76,5560000,[0],[4]
0,250,5,eduroam,70:3a:0e:5c:d0:90:,-83,5520000,[0],[4]
0,250,5,eduroam,70:3a:0e:5c:e0:10:,-92,5320000,[0],[4]
0,250,5,eduroam,70:3a:0e:62:87:10:,-82,5300000,[0],[4]
0,250,5,eduroam,70:3a:0e:5c:db:30:,-80,5240000,[0],[4]
0,250,5,eduroam,70:3a:0e:62:77:60:,-76,2437000,[0],[4]
0,250,5,DIRECT-91-HP M454dw Color LJ,4a:9e:bd:69:6a:91:,-72,2437000,[0],[4]
0,260,0,eduroam,d0:d3:e0:a7:dc:c0:,-73,2462000,[0],[4]
0,260,0,eduroam,70:3a:0e:5c:df:20:,-74,2462000,[0],[4]
0,260,0,eduroam,70:3a:0e:5c:dc:60:,-72,2462000,[0],[4]
0,260,0,eduroam,70:3a:0e:60:fd:a0:,-75,2437000,[0],[4]
0,260,0,eduroam,70:3a:0e:5c:dc:70:,-85,5180000,[0],[4]
0,260,0,eduroam,d0:d3:e0:a7:dc:d0:,-72,5280000,[0],[4]
0,260,0,eduroam,70:3a:0e:61:00:60:,-80,2412000,[0],[4]
0,260,0,eduroam,70:3a:0e:5c:d7:60:,-75,2412000,[0],[4]
0,260,0,eduroam,70:3a:0e:5c:d9:c0:,-74,2462000,[0],[4]
0,260,0,eduroam,70:3a:0e:5c:d7:70:,-74,5560000,[0],[4]
0,260,0,eduroam,70:3a:0e:5c:c6:50:,-91,5200000,[0],[4]
0,260,0,eduroam,70:3a:0e:5c:d9:d0:,-91,5765000,[0],[4]
0,260,0,eduroam,70:3a:0e:5c:db:c0:,-77,2437000,[0],[4]
0,260,0,eduroam,70:3a:0e:5c:df:30:,-79,5220000,[0],[4]
0,260,0,eduroam,70:3a:0e:60:fd:b0:,-88,5220000,[0],[4]
0,260,0,eduroam,70:3a:0e:5c:e6:90:,-91,5320000,[0],[4]
0,260,0,eduroam,70:3a:0e:61:00:70:,-83,5680000,[0],[4]
0,260,0,eduroam,70:3a:0e:5c:e6:80:,-75,2412000,[0],[4]
0,260,0,eduroam,70:3a:0e:61:00:00:,-69,2412000,[0],[4]
0,260,0,eduroam,70:3a:0e:5c:db:d0:,-89,5805000,[0],[4]
0,260,0,eduroam,70:3a:0e:5c:dc:30:,-82,5620000,[0],[4]
0,260,0,eduroam,70:3a:0e:5c:db:20:,-71,2462000,[0],[4]
0,260,0,eduroam,70:3a:0e:61:00:10:,-83,5680000,[0],[4]
0,260,0,eduroam,70:3a:0e:62:77:70:,-79,5560000,[0],[4]
0,260,0,eduroam,70:3a:0e:5c:d0:90:,-83,5520000,[0],[4]
0,260,0,eduroam,70:3a:0e:5c:e0:10:,-92,5320000,[0],[4]
0,260,0,eduroam,70:3a:0e:5c:db:30:,-80,5240000,[0],[4]
0,260,0,eduroam,70:3a:0e:62:77:60:,-76,2437000,[0],[4]
0,260,0,UofM-Guest,d0:d3:e0:a7:dc:c1:,-75,2462000,[0],[0]
0,260,0,UofM-Guest,70:3a:0e:5c:d7:71:,-73,5560000,[0],[0]
0,260,0,UofM-Guest,70:3a:0e:5c:df:21:,-68,2462000,[0],[0]
0,260,0,UofM-Guest,70:3a:0e:5c:dc:61:,-72,2462000,[0],[0]
0,260,0,UofM-Guest,70:3a:0e:5c:dc:71:,-85,5180000,[0],[0]
0,260,0,UofM-Guest,70:3a:0e:61:00:61:,-80,2412000,[0],[0]
0,260,0,UofM-Guest,70:3a:0e:5c:d7:61:,-76,2412000,[0],[0]
0,260,0,UofM-Guest,70:3a:0e:5c:d9:c1:,-72,2462000,[0],[0]
0,260,0,UofM-Guest,70:3a:0e:5c:db:c1:,-76,2437000,[0],[0]
0,260,0,UofM-Guest,70:3a:0e:5c:c6:51:,-91,5200000,[0],[0]
0,260,0,UofM-Guest,70:3a:0e:5c:d9:d1:,-91,5765000,[0],[0]
0,260,0,UofM-Guest,d0:d3:e0:a7:dc:d1:,-72,5280000,[0],[0]
0,260,0,UofM-Guest,70:3a:0e:5c:df:31:,-77,5220000,[0],[0]
0,260,0,UofM-Guest,70:3a:0e:60:fd:b1:,-84,5220000,[0],[0]
0,260,0,UofM-Guest,70:3a:0e:5c:e6:91:,-89,5320000,[0],[0]
0,260,0,UofM-Guest,70:3a:0e:61:00:71:,-82,5680000,[0],[0]
0,260,0,UofM-Guest,70:3a:0e:5c:e6:81:,-65,2412000,[0],[0]
0,260,0,UofM-Guest,70:3a:0e:61:00:01:,-69,2412000,[0],[0]
0,260,0,UofM-Guest,70:3a:0e:5c:db:d1:,-88,5805000,[0],[0]
0,260,0,UofM-Guest,70:3a:0e:5c:dc:31:,-82,5620000,[0],[0]
0,260,0,UofM-Guest,70:3a:0e:61:00:11:,-70,5680000,[0],[0]
0,260,0,UofM-Guest,70:3a:0e:62:77:71:,-79,5560000,[0],[0]
0,260,0,UofM-Guest,70:3a:0e:5c:d0:91:,-87,5520000,[0],[0]
0,260,0,UofM-Guest,70:3a:0e:5c:db:31:,-87,5240000,[0],[0]
0,260,0,UofM-IoT,70:3a:0e:5c:d7:72:,-73,5560000,[0],[4]
0,260,0,UofM-IoT,d0:d3:e0:a7:dc:c2:,-73,2462000,[0],[4]
0,260,0,UofM-IoT,70:3a:0e:5c:df:22:,-68,2462000,[0],[4]
0,260,0,UofM-IoT,70:3a:0e:5c:dc:72:,-92,5180000,[0],[4]
0,260,0,UofM-IoT,70:3a:0e:5c:d7:62:,-68,2412000,[0],[4]
0,260,0,UofM-IoT,70:3a:0e:5c:d9:c2:,-76,2462000,[0],[4]
0,260,0,UofM-IoT,70:3a:0e:5c:db:c2:,-78,2437000,[0],[4]
0,260,0,UofM-IoT,70:3a:0e:5c:c6:52:,-90,5200000,[0],[4]
0,260,0,UofM-IoT,70:3a:0e:5c:d9:d2:,-90,5765000,[0],[4]
0,260,0,UofM-IoT,d0:d3:e0:a7:dc:d2:,-72,5280000,[0],[4]
0,260,0,UofM-IoT,70:3a:0e:5c:df:32:,-76,5220000,[0],[4]
0,260,0,UofM-IoT,70:3a:0e:60:fd:b2:,-83,5220000,[0],[4]
0,260,0,UofM-IoT,70:3a:0e:5c:e6:92:,-90,5320000,[0],[4]
0,260,0,UofM-IoT,70:3a:0e:5c:db:d2:,-90,5805000,[0],[4]
0,260,0,UofM-IoT,70:3a:0e:61:00:72:,-82,5680000,[0],[4]
0,260,0,UofM-IoT,70:3a:0e:5c:e6:82:,-65,2412000,[0],[4]
0,260,0,UofM-IoT,70:3a:0e:61:00:02:,-69,2412000,[0],[4]
0,260,0,UofM-IoT,70:3a:0e:5c:dc:32:,-83,5620000,[0],[4]
0,260,0,UofM-IoT,70:3a:0e:61:00:12:,-70,5680000,[0],[4]
0,260,0,UofM-IoT,70:3a:0e:62:77:72:,-79,5560000,[0],[4]
0,260,0,UofM-IoT,70:3a:0e:5c:d0:92:,-87,5520000,[0],[4]
0,260,0,UofM-IoT,70:3a:0e:5c:db:32:,-86,5240000,[0],[4]
0,260,0,UofM-IoT,70:3a:0e:5c:db:22:,-70,2462000,[0],[4]
0,260,0,UofM-IoT,70:3a:0e:62:77:62:,-75,2437000,[0],[4]
0,260,0,eduroam,d0:d3:e0:a7:dc:c0:,-73,2462000,[0],[4]
0,260,0,eduroam,70:3a:0e:5c:df:20:,-74,2462000,[0],[4]
0,260,0,eduroam,70:3a:0e:5c:dc:60:,-72,2462000,[0],[4]
0,260,0,eduroam,70:3a:0e:60:fd:a0:,-75,2437000,[0],[4]
0,260,0,eduroam,70:3a:0e:5c:dc:70:,-85,5180000,[0],[4]
0,260,0,eduroam,d0:d3:e0:a7:dc:d0:,-72,5280000,[0],[4]
0,260,0,eduroam,70:3a:0e:61:00:60:,-80,2412000,[0],[4]
0,260,0,eduroam,70:3a:0e:5c:d7:60:,-75,2412000,[0],[4]
0,260,0,eduroam,70:3a:0e:5c:d9:c0:,-74,2462000,[0],[4]
0,260,0,eduroam,70:3a:0e:5c:d7:70:,-74,5560000,[0],[4]
0,260,0,eduroam,70:3a:0e:5c:c6:50:,-91,5200000,[0],[4]
0,260,0,eduroam,70:3a:0e:5c:d9:d0:,-91,5765000,[0],[4]
0,260,0,eduroam,70:3a:0e:5c:db:c0:,-77,2437000,[0],[4]
0,260,0,eduroam,70:3a:0e:5c:df:30:,-79,5220000,[0],[4]
0,260,0,eduroam,70:3a:0e:60:fd:b0:,-88,5220000,[0],[4]
0,260,0,eduroam,70:3a:0e:5c:e6:90:,-91,5320000,[0],[4]
0,260,0,eduroam,70:3a:0e:61:00:70:,-83,5680000,[0],[4]
0,260,0,eduroam,70:3a:0e:5c:e6:80:,-75,2412000,[0],[4]
0,260,0,eduroam,70:3a:0e:61:00:00:,-69,2412000,[0],[4]
0,260,0,eduroam,70:3a:0e:5c:db:d0:,-89,5805000,[0],[4]
0,260,0,eduroam,70:3a:0e:5c:dc:30:,-82,5620000,[0],[4]
0,260,0,eduroam,70:3a:0e:5c:db:20:,-71,2462000,[0],[4]
0,260,0,eduroam,70:3a:0e:61:00:10:,-83,5680000,[0],[4]
0,260,0,eduroam,70:3a:0e:62:77:70:,-79,5560000,[0],[4]
0,260,0,eduroam,70:3a:0e:5c:d0:90:,-83,5520000,[0],[4]
0,260,0,eduroam,70:3a:0e:5c:e0:10:,-92,5320000,[0],[4]
0,260,0,eduroam,70:3a:0e:5c:db:30:,-80,5240000,[0],[4]
0,260,0,eduroam,70:3a:0e:62:77:60:,-76,2437000,[0],[4]
0,260,0,DIRECT-91-HP M454dw Color LJ,4a:9e:bd:69:6a:91:,-72,2437000,[0],[4]
0,260,0,eduroam,d0:d3:e0:a7:dc:c0:,-68,2462000,[0],[4]
0,260,0,eduroam,70:3a:0e:5c:df:20:,-74,2462000,[0],[4]
0,260,0,eduroam,70:3a:0e:5c:dc:60:,-72,2462000,[0],[4]
0,260,0,eduroam,70:3a:0e:60:fd:a0:,-75,2437000,[0],[4]
0,260,0,eduroam,70:3a:0e:5c:dc:70:,-93,5180000,[0],[4]
0,260,0,eduroam,d0:d3:e0:a7:dc:d0:,-72,5280000,[0],[4]
0,260,0,eduroam,70:3a:0e:61:00:60:,-80,2412000,[0],[4]
0,260,0,eduroam,70:3a:0e:5c:d7:60:,-78,2412000,[0],[4]
0,260,0,eduroam,70:3a:0e:5c:d9:c0:,-74,2462000,[0],[4]
0,260,0,eduroam,70:3a:0e:5c:d7:70:,-74,5560000,[0],[4]
0,260,0,eduroam,70:3a:0e:5c:c6:50:,-91,5200000,[0],[4]
0,260,0,eduroam,70:3a:0e:5c:d9:d0:,-89,5765000,[0],[4]
0,260,0,eduroam,70:3a:0e:5c:db:c0:,-77,2437000,[0],[4]
0,260,0,eduroam,70:3a:0e:5c:df:30:,-79,5220000,[0],[4]
0,260,0,eduroam,70:3a:0e:60:fd:b0:,-88,5220000,[0],[4]
0,260,0,eduroam,70:3a:0e:5c:e6:90:,-88,5320000,[0],[4]
0,260,0,eduroam,70:3a:0e:61:00:70:,-83,5680000,[0],[4]
0,260,0,eduroam,70:3a:0e:5c:e6:80:,-75,2412000,[0],[4]
0,260,0,eduroam,70:3a:0e:61:00:00:,-69,2412000,[0],[4]
0,260,0,eduroam,70:3a:0e:5c:db:d0:,-90,5805000,[0],[4]
0,260,0,eduroam,70:3a:0e:5c:dc:30:,-82,5620000,[0],[4]
0,260,0,eduroam,70:3a:0e:5c:db:20:,-71,2462000,[0],[4]
0,260,0,eduroam,70:3a:0e:61:00:10:,-83,5680000,[0],[4]
0,260,0,eduroam,70:3a:0e:60:e8:f0:,-89,5745000,[0],[4]
0,260,0,eduroam,70:3a:0e:62:77:70:,-74,5560000,[0],[4]
0,260,0,eduroam,70:3a:0e:5c:d0:90:,-83,5520000,[0],[4]
0,260,0,eduroam,70:3a:0e:5c:e0:10:,-92,5320000,[0],[4]
0,260,0,eduroam,70:3a:0e:5c:db:30:,-90,5240000,[0],[4]
0,260,0,eduroam,70:3a:0e:62:77:60:,-76,2437000,[0],[4]
0,260,0,UofM-Guest,d0:d3:e0:a7:dc:c1:,-75,2462000,[0],[0]
0,260,0,UofM-Guest,70:3a:0e:5c:d7:71:,-73,5560000,[0],[0]
0,260,0,UofM-Guest,70:3a:0e:5c:df:21:,-68,2462000,[0],[0]
0,260,0,UofM-Guest,70:3a:0e:5c:dc:61:,-72,2462000,[0],[0]
0,260,0,UofM-Guest,70:3a:0e:5c:dc:71:,-91,5180000,[0],[0]
0,260,0,UofM-Guest,70:3a:0e:61:00:61:,-80,2412000,[0],[0]
0,260,0,UofM-Guest,70:3a:0e:5c:d7:61:,-76,2412000,[0],[0]
0,260,0,UofM-Guest,70:3a:0e:5c:d9:c1:,-72,2462000,[0],[0]
0,260,0,UofM-Guest,70:3a:0e:5c:db:c1:,-76,2437000,[0],[0]
0,260,0,UofM-Guest,70:3a:0e:5c:c6:51:,-91,5200000,[0],[0]
0,260,0,UofM-Guest,70:3a:0e:5c:d9:d1:,-91,5765000,[0],[0]
0,260,0,UofM-Guest,d0:d3:e0:a7:dc:d1:,-72,5280000,[0],[0]
0,260,0,UofM-Guest,70:3a:0e:5c:df:31:,-77,5220000,[0],[0]
0,260,0,UofM-Guest,70:3a:0e:60:fd:b1:,-84,5220000,[0],[0]
0,260,0,UofM-Guest,70:3a:0e:5c:e6:91:,-88,5320000,[0],[0]
0,260,0,UofM-Guest,70:3a:0e:61:00:71:,-82,5680000,[0],[0]
0,260,0,UofM-Guest,70:3a:0e:5c:e6:81:,-65,2412000,[0],[0]
0,260,0,UofM-Guest,70:3a:0e:61:00:01:,-69,2412000,[0],[0]
0,260,0,UofM-Guest,70:3a:0e:5c:db:d1:,-88,5805000,[0],[0]
0,260,0,UofM-Guest,70:3a:0e:5c:dc:31:,-82,5620000,[0],[0]
0,260,0,UofM-Guest,70:3a:0e:60:e8:f1:,-89,5745000,[0],[0]
0,260,0,UofM-Guest,70:3a:0e:61:00:11:,-70,5680000,[0],[0]
0,260,0,UofM-Guest,70:3a:0e:62:77:71:,-74,5560000,[0],[0]
0,260,0,UofM-Guest,70:3a:0e:5c:d0:91:,-87,5520000,[0],[0]
0,260,0,UofM-Guest,70:3a:0e:5c:db:31:,-87,5240000,[0],[0]
0,260,0,UofM-IoT,70:3a:0e:5c:d7:72:,-73,5560000,[0],[4]
0,260,0,UofM-IoT,d0:d3:e0:a7:dc:c2:,-73,2462000,[0],[4]
0,260,0,UofM-IoT,70:3a:0e:5c:df:22:,-68,2462000,[0],[4]
0,260,0,UofM-IoT,70:3a:0e:5c:dc:72:,-91,5180000,[0],[4]
0,260,0,UofM-IoT,70:3a:0e:5c:d7:62:,-68,2412000,[0],[4]
0,260,0,UofM-IoT,70:3a:0e:5c:d9:c2:,-76,2462000,[0],[4]
0,260,0,UofM-IoT,70:3a:0e:5c:db:c2:,-78,2437000,[0],[4]
0,260,0,UofM-IoT,70:3a:0e:5c:c6:52:,-90,5200000,[0],[4]
0,260,0,UofM-IoT,70:3a:0e:5c:d9:d2:,-90,5765000,[0],[4]
0,260,0,UofM-IoT,d0:d3:e0:a7:dc:d2:,-72,5280000,[0],[4]
0,260,0,UofM-IoT,70:3a:0e:5c:df:32:,-77,5220000,[0],[4]
0,260,0,UofM-IoT,70:3a:0e:60:fd:b2:,-83,5220000,[0],[4]
0,260,0,UofM-IoT,70:3a:0e:5c:e6:92:,-88,5320000,[0],[4]
0,260,0,UofM-IoT,70:3a:0e:5c:db:d2:,-90,5805000,[0],[4]
0,260,0,UofM-IoT,70:3a:0e:61:00:72:,-82,5680000,[0],[4]
0,260,0,UofM-IoT,70:3a:0e:5c:e6:82:,-65,2412000,[0],[4]
0,260,0,UofM-IoT,70:3a:0e:61:00:02:,-69,2412000,[0],[4]
0,260,0,UofM-IoT,70:3a:0e:5c:dc:32:,-83,5620000,[0],[4]
0,260,0,UofM-IoT,70:3a:0e:60:e8:f2:,-89,5745000,[0],[4]
0,260,0,UofM-IoT,70:3a:0e:61:00:12:,-70,5680000,[0],[4]
0,260,0,UofM-IoT,70:3a:0e:62:77:72:,-74,5560000,[0],[4]
0,260,0,UofM-IoT,70:3a:0e:5c:d0:92:,-87,5520000,[0],[4]
0,260,0,UofM-IoT,70:3a:0e:5c:db:32:,-86,5240000,[0],[4]
0,260,0,UofM-IoT,70:3a:0e:5c:db:22:,-70,2462000,[0],[4]
0,260,0,UofM-IoT,70:3a:0e:62:77:62:,-75,2437000,[0],[4]
0,260,0,eduroam,d0:d3:e0:a7:dc:c0:,-68,2462000,[0],[4]
0,260,0,eduroam,70:3a:0e:5c:df:20:,-74,2462000,[0],[4]
0,260,0,eduroam,70:3a:0e:5c:dc:60:,-72,2462000,[0],[4]
0,260,0,eduroam,70:3a:0e:60:fd:a0:,-75,2437000,[0],[4]
0,260,0,eduroam,70:3a:0e:5c:dc:70:,-93,5180000,[0],[4]
0,260,0,eduroam,d0:d3:e0:a7:dc:d0:,-72,5280000,[0],[4]
0,260,0,eduroam,70:3a:0e:61:00:60:,-80,2412000,[0],[4]
0,260,0,eduroam,70:3a:0e:5c:d7:60:,-78,2412000,[0],[4]
0,260,0,eduroam,70:3a:0e:5c:d9:c0:,-74,2462000,[0],[4]
0,260,0,eduroam,70:3a:0e:5c:d7:70:,-74,5560000,[0],[4]
0,260,0,eduroam,70:3a:0e:5c:c6:50:,-91,5200000,[0],[4]
0,260,0,eduroam,70:3a:0e:5c:d9:d0:,-89,5765000,[0],[4]
0,260,0,eduroam,70:3a:0e:5c:db:c0:,-77,2437000,[0],[4]
0,260,0,eduroam,70:3a:0e:5c:df:30:,-79,5220000,[0],[4]
0,260,0,eduroam,70:3a:0e:60:fd:b0:,-88,5220000,[0],[4]
0,260,0,eduroam,70:3a:0e:5c:e6:90:,-88,5320000,[0],[4]
0,260,0,eduroam,70:3a:0e:61:00:70:,-83,5680000,[0],[4]
0,260,0,eduroam,70:3a:0e:5c:e6:80:,-75,2412000,[0],[4]
0,260,0,eduroam,70:3a:0e:61:00:00:,-69,2412000,[0],[4]
0,260,0,eduroam,70:3a:0e:5c:db:d0:,-90,5805000,[0],[4]
0,260,0,eduroam,70:3a:0e:5c:dc:30:,-82,5620000,[0],[4]
0,260,0,eduroam,70:3a:0e:5c:db:20:,-71,2462000,[0],[4]
0,260,0,eduroam,70:3a:0e:61:00:10:,-83,5680000,[0],[4]
0,260,0,eduroam,70:3a:0e:60:e8:f0:,-89,5745000,[0],[4]
0,260,0,eduroam,70:3a:0e:62:77:70:,-74,5560000,[0],[4]
0,260,0,eduroam,70:3a:0e:5c:d0:90:,-83,5520000,[0],[4]
0,260,0,eduroam,70:3a:0e:5c:e0:10:,-92,5320000,[0],[4]
0,260,0,eduroam,70:3a:0e:5c:db:30:,-90,5240000,[0],[4]
0,260,0,eduroam,70:3a:0e:62:77:60:,-76,2437000,[0],[4]
0,260,0,DIRECT-91-HP M454dw Color LJ,4a:9e:bd:69:6a:91:,-72,2437000,[0],[4]
